"reporterDesc","partnerDesc","cmdCode","qtyUnitAbbr","qty","altQtyUnitAbbr","altQty","primaryValue","bricsflag","date","gold_price"
"Kenya","South Africa","7108","kg",20213,"g",20213,558894.597,"b",2017-01-01,38342.92482
"Kenya","United Arab Emirates","7108","kg",14,"g",14000,286654.967,NA,2017-01-01,38342.92482
"Kenya","United Arab Emirates","710812","kg",14,"g",14000,286654.967,NA,2017-01-01,38342.92482
"Kenya","South Africa","710813","kg",20213,"g",20213,558894.597,"b",2017-01-01,38342.92482
"South Africa","Namibia","7108",NA,NA,NA,NA,7636.612,NA,2017-01-01,38342.92482
"South Africa","Areas, nes","7108","kg",8819.51,"kg",8819.51,314731543.621,NA,2017-01-01,38342.92482
"South Africa","Namibia","710811",NA,NA,"kg",2,29.535,NA,2017-01-01,38342.92482
"South Africa","Namibia","710813","kg",1,"kg",1,7607.077,NA,2017-01-01,38342.92482
"South Africa","Areas, nes","710813","kg",8819.51,"kg",8819.51,314731543.621,NA,2017-01-01,38342.92482
"Kenya","Italy","7108","kg",1,"g",3000,9039.27,"w",2017-02-01,39686.82408
"Kenya","South Africa","7108","kg",34597,"g",34597,1110521.162,"b",2017-02-01,39686.82408
"Kenya","Switzerland","7108","kg",8598,"g",8598,248330.265,"w",2017-02-01,39686.82408
"Kenya","United Arab Emirates","7108","kg",6,"g",6000,81136.989,NA,2017-02-01,39686.82408
"Kenya","Italy","710812","kg",1,"g",3000,9039.27,"w",2017-02-01,39686.82408
"Kenya","United Arab Emirates","710812","kg",6,"g",6000,81136.989,NA,2017-02-01,39686.82408
"Kenya","South Africa","710813","kg",34597,"g",34597,1110521.162,"b",2017-02-01,39686.82408
"Kenya","Switzerland","710813","kg",8598,"g",8598,248330.265,"w",2017-02-01,39686.82408
"South Africa","Namibia","7108",NA,NA,NA,NA,11841.999,NA,2017-02-01,39686.82408
"South Africa","Eswatini","7108",NA,NA,NA,NA,122.208,NA,2017-02-01,39686.82408
"South Africa","Areas, nes","7108","kg",6110.6,"kg",6110.6,211278321.938,NA,2017-02-01,39686.82408
"South Africa","Namibia","710811",NA,NA,"kg",1,15.078,NA,2017-02-01,39686.82408
"South Africa","Eswatini","710812",NA,NA,"kg",2,122.208,NA,2017-02-01,39686.82408
"South Africa","Namibia","710813","kg",2.52,"kg",2.52,11826.921,NA,2017-02-01,39686.82408
"South Africa","Areas, nes","710813","kg",6110.6,"kg",6110.6,211278321.938,NA,2017-02-01,39686.82408
"Kenya","China, Hong Kong SAR","7108","kg",1,"g",1000,36958.137,"b",2017-03-01,39580.72677
"Kenya","South Africa","7108","kg",46765,"g",46765,1548372.321,"b",2017-03-01,39580.72677
"Kenya","China, Hong Kong SAR","710812","kg",1,"g",1000,36958.137,"b",2017-03-01,39580.72677
"Kenya","South Africa","710813","kg",46765,"g",46765,1548372.321,"b",2017-03-01,39580.72677
"South Africa","Namibia","7108",NA,NA,NA,NA,12372.465,NA,2017-03-01,39580.72677
"South Africa","Areas, nes","7108","kg",11543.5,"kg",11543.5,426908108.044,NA,2017-03-01,39580.72677
"South Africa","Namibia","710811",NA,NA,"kg",3,46.37,NA,2017-03-01,39580.72677
"South Africa","Namibia","710812",NA,NA,"kg",1,33.928,NA,2017-03-01,39580.72677
"South Africa","Namibia","710813","kg",7,"kg",7,12292.167,NA,2017-03-01,39580.72677
"South Africa","Areas, nes","710813","kg",11543.5,"kg",11543.5,426908108.044,NA,2017-03-01,39580.72677
"Kenya","South Africa","7108","kg",15077,"g",15077,442328.475,"b",2017-04-01,40689.92592
"Kenya","Eswatini","7108","kg",1,"g",1000,8217.023,NA,2017-04-01,40689.92592
"Kenya","United Arab Emirates","7108","kg",1,"g",1000,26300.495,NA,2017-04-01,40689.92592
"Kenya","Eswatini","710812","kg",1,"g",1000,8217.023,NA,2017-04-01,40689.92592
"Kenya","United Arab Emirates","710812","kg",1,"g",1000,26300.495,NA,2017-04-01,40689.92592
"Kenya","South Africa","710813","kg",15077,"g",15077,442328.475,"b",2017-04-01,40689.92592
"South Africa","Namibia","7108",NA,NA,NA,NA,58.833,NA,2017-04-01,40689.92592
"South Africa","Areas, nes","7108","kg",9873.78,"kg",9873.78,350008195.394,NA,2017-04-01,40689.92592
"South Africa","Namibia","710811",NA,NA,"kg",2,29.601,NA,2017-04-01,40689.92592
"South Africa","Namibia","710813",NA,NA,"kg",6.73,29.231,NA,2017-04-01,40689.92592
"South Africa","Areas, nes","710813","kg",9873.78,"kg",9873.78,350008195.394,NA,2017-04-01,40689.92592
"Kenya","China, Hong Kong SAR","7108","kg",1,"g",246,7970.651,"b",2017-05-01,40027.6215
"Kenya","South Africa","7108","kg",43851,"g",43851,1157419.011,"b",2017-05-01,40027.6215
"Kenya","United Arab Emirates","7108","kg",3,"g",3500,69484.445,NA,2017-05-01,40027.6215
"Kenya","China, Hong Kong SAR","710812","kg",1,"g",246,7970.651,"b",2017-05-01,40027.6215
"Kenya","United Arab Emirates","710812","kg",3,"g",3500,69484.445,NA,2017-05-01,40027.6215
"Kenya","South Africa","710813","kg",43851,"g",43851,1157419.011,"b",2017-05-01,40027.6215
"South Africa","Namibia","7108",NA,NA,NA,NA,44.787,NA,2017-05-01,40027.6215
"South Africa","Areas, nes","7108","kg",14184.9,"kg",14184.9,573268171.482,NA,2017-05-01,40027.6215
"South Africa","Namibia","710811",NA,NA,"kg",1,15.054,NA,2017-05-01,40027.6215
"South Africa","Namibia","710813",NA,NA,"kg",7.36,29.732,NA,2017-05-01,40027.6215
"South Africa","Areas, nes","710813","kg",14184.9,"kg",14184.9,573268171.482,NA,2017-05-01,40027.6215
"Kenya","Switzerland","7108","kg",6065,"g",6065,192857.898,"w",2017-06-01,40519.52721
"Kenya","Switzerland","710813","kg",6065,"g",6065,192857.898,"w",2017-06-01,40519.52721
"South Africa","Namibia","7108",NA,NA,NA,NA,2118.027,NA,2017-06-01,40519.52721
"South Africa","Areas, nes","7108","kg",9113.77,"kg",9113.77,368127838.461,NA,2017-06-01,40519.52721
"South Africa","Namibia","710811",NA,NA,"kg",1,15.483,NA,2017-06-01,40519.52721
"South Africa","Namibia","710813","kg",2.59,"kg",2.59,2102.544,NA,2017-06-01,40519.52721
"South Africa","Areas, nes","710813","kg",9113.77,"kg",9113.77,368127838.461,NA,2017-06-01,40519.52721
"Kenya","South Africa","7108","kg",41987,"g",41987,1294022.097,"b",2017-07-01,39744.69534
"Kenya","Switzerland","7108","kg",15462,"g",5748720,477479.54,"w",2017-07-01,39744.69534
"Kenya","South Africa","710813","kg",41987,"g",41987,1294022.097,"b",2017-07-01,39744.69534
"Kenya","Switzerland","710813","kg",15462,"g",5748720,477479.54,"w",2017-07-01,39744.69534
"South Africa","Namibia","7108",NA,NA,NA,NA,6029.37,NA,2017-07-01,39744.69534
"South Africa","Areas, nes","7108","kg",8699.84,"kg",8699.84,330056036.485,NA,2017-07-01,39744.69534
"South Africa","Namibia","710811",NA,NA,"kg",2,30.456,NA,2017-07-01,39744.69534
"South Africa","Namibia","710813","kg",0.7,"kg",0.7,5998.914,NA,2017-07-01,39744.69534
"South Africa","Areas, nes","710813","kg",8699.84,"kg",8699.84,330056036.485,NA,2017-07-01,39744.69534
"Kenya","South Africa","7108","kg",33190,"g",33190,1160730.803,"b",2017-08-01,41226.84261
"Kenya","Switzerland","7108","kg",18104,"g",18104,576755.616,"w",2017-08-01,41226.84261
"Kenya","South Africa","710813","kg",33190,"g",33190,1160730.803,"b",2017-08-01,41226.84261
"Kenya","Switzerland","710813","kg",18104,"g",18104,576755.616,"w",2017-08-01,41226.84261
"South Africa","Namibia","7108",NA,NA,NA,NA,2221.502,NA,2017-08-01,41226.84261
"South Africa","Eswatini","7108",NA,NA,NA,NA,68.017,NA,2017-08-01,41226.84261
"South Africa","Areas, nes","7108","kg",13277.1,"kg",13277.1,552832759.787,NA,2017-08-01,41226.84261
"South Africa","Namibia","710811",NA,NA,"kg",2,30.23,NA,2017-08-01,41226.84261
"South Africa","Namibia","710813","kg",1.88,"kg",1.88,2191.272,NA,2017-08-01,41226.84261
"South Africa","Eswatini","710813",NA,NA,"kg",51.9,68.017,NA,2017-08-01,41226.84261
"South Africa","Areas, nes","710813","kg",13277.1,"kg",13277.1,552832759.787,NA,2017-08-01,41226.84261
"Kenya","Switzerland","7108","kg",16627,"g",16627,575617.2,"w",2017-09-01,42278.1705
"Kenya","United Arab Emirates","7108","kg",3,"g",2500,62892.752,NA,2017-09-01,42278.1705
"Kenya","United Arab Emirates","710812","kg",3,"g",2500,62892.752,NA,2017-09-01,42278.1705
"Kenya","Switzerland","710813","kg",16627,"g",16627,575617.2,"w",2017-09-01,42278.1705
"South Africa","Namibia","7108",NA,NA,NA,NA,30.454,NA,2017-09-01,42278.1705
"South Africa","Eswatini","7108",NA,NA,NA,NA,84.662,NA,2017-09-01,42278.1705
"South Africa","Areas, nes","7108","kg",10067.5,"kg",10067.5,403656814.873,NA,2017-09-01,42278.1705
"South Africa","Namibia","710811",NA,NA,"kg",2,30.454,NA,2017-09-01,42278.1705
"South Africa","Eswatini","710812",NA,NA,"kg",3,84.662,NA,2017-09-01,42278.1705
"South Africa","Areas, nes","710813","kg",10067.5,"kg",10067.5,403656814.873,NA,2017-09-01,42278.1705
"Kenya","Switzerland","7108","kg",14378,"g",14378,456522.38,"w",2017-10-01,41136.82065
"Kenya","Switzerland","710813","kg",14378,"g",14378,456522.38,"w",2017-10-01,41136.82065
"South Africa","Namibia","7108",NA,NA,NA,NA,242.621,NA,2017-10-01,41136.82065
"South Africa","Areas, nes","7108","kg",10814.2,"kg",10814.2,423409742.094,NA,2017-10-01,41136.82065
"South Africa","Namibia","710811",NA,NA,"kg",1,14.625,NA,2017-10-01,41136.82065
"South Africa","Namibia","710813","kg",1,"kg",1,227.997,NA,2017-10-01,41136.82065
"South Africa","Areas, nes","710813","kg",10814.2,"kg",10814.2,423409742.094,NA,2017-10-01,41136.82065
"Kenya","Switzerland","7108","kg",17520,"g",17520,564375.23,"w",2017-11-01,41226.84261
"Kenya","Switzerland","710813","kg",17520,"g",17520,564375.23,"w",2017-11-01,41226.84261
"South Africa","Namibia","7108",NA,NA,NA,NA,5613.793,NA,2017-11-01,41226.84261
"South Africa","Areas, nes","7108","kg",14043.5,"kg",14043.5,561345407.418,NA,2017-11-01,41226.84261
"South Africa","Namibia","710811",NA,NA,"kg",3,42.619,NA,2017-11-01,41226.84261
"South Africa","Namibia","710812","kg",1,"kg",1,1264.723,NA,2017-11-01,41226.84261
"South Africa","Namibia","710813","kg",6.9,"kg",6.9,4306.451,NA,2017-11-01,41226.84261
"South Africa","Areas, nes","710813","kg",14043.5,"kg",14043.5,561345407.418,NA,2017-11-01,41226.84261
"Kenya","South Africa","7108","kg",46200,"g",46200000,1559842.122,"b",2017-12-01,40551.67791
"Kenya","Switzerland","7108","kg",17710,"g",17710,572998.714,"w",2017-12-01,40551.67791
"Kenya","South Africa","710813","kg",46200,"g",46200000,1559842.122,"b",2017-12-01,40551.67791
"Kenya","Switzerland","710813","kg",17710,"g",17710,572998.714,"w",2017-12-01,40551.67791
"South Africa","Lesotho","7108",NA,NA,NA,NA,11.997,NA,2017-12-01,40551.67791
"South Africa","Namibia","7108",NA,NA,NA,NA,1312.271,NA,2017-12-01,40551.67791
"South Africa","Areas, nes","7108","kg",10785.3,"kg",10785.3,461381571.742,NA,2017-12-01,40551.67791
"South Africa","Lesotho","710811",NA,NA,"kg",25,11.997,NA,2017-12-01,40551.67791
"South Africa","Namibia","710811",NA,NA,"kg",1,15.186,NA,2017-12-01,40551.67791
"South Africa","Namibia","710813","kg",1,"kg",1,1297.085,NA,2017-12-01,40551.67791
"South Africa","Areas, nes","710813","kg",10785.3,"kg",10785.3,461381571.742,NA,2017-12-01,40551.67791
"Kenya","Switzerland","7108","kg",14.83,"g",14830,497191.368,"w",2018-01-01,42815.08719
"Kenya","Switzerland","710813","kg",14.83,"g",14830,497191.368,"w",2018-01-01,42815.08719
"South Africa","Namibia","7108","kg",3.71,"kg",3.71,18322.886,NA,2018-01-01,42815.08719
"South Africa","Eswatini","7108",NA,NA,NA,NA,318.828,NA,2018-01-01,42815.08719
"South Africa","Areas, nes","7108","kg",11912.4,"kg",11912.4,468804825.87,NA,2018-01-01,42815.08719
"South Africa","Eswatini","710812",NA,NA,"kg",5,318.828,NA,2018-01-01,42815.08719
"South Africa","Namibia","710813","kg",3.71,"kg",3.71,18322.886,NA,2018-01-01,42815.08719
"South Africa","Areas, nes","710813","kg",11912.4,"kg",11912.4,468804825.87,NA,2018-01-01,42815.08719
"Kenya","South Africa","7108","kg",16.422,"g",16422,608906.493,"b",2018-02-01,42808.65705
"Kenya","Switzerland","7108","kg",14.69,"g",14690,509846.211,"w",2018-02-01,42808.65705
"Kenya","South Africa","710813","kg",16.422,"g",16422,608906.493,"b",2018-02-01,42808.65705
"Kenya","Switzerland","710813","kg",14.69,"g",14690,509846.211,"w",2018-02-01,42808.65705
"South Africa","Namibia","7108","kg",3.84,"kg",3.84,6244.055,NA,2018-02-01,42808.65705
"South Africa","Areas, nes","7108","kg",12561.4,"kg",12561.4,537667278.263,NA,2018-02-01,42808.65705
"South Africa","Namibia","710813","kg",3.84,"kg",3.84,6244.055,NA,2018-02-01,42808.65705
"South Africa","Areas, nes","710813","kg",12561.4,"kg",12561.4,537667278.263,NA,2018-02-01,42808.65705
"Kenya","South Africa","7108","kg",23.693,"g",23693,861878.774,"b",2018-03-01,42590.03229
"Kenya","South Africa","710813","kg",23.693,"g",23693,861878.774,"b",2018-03-01,42590.03229
"South Africa","Namibia","7108","kg",2.13,"kg",2.13,26993.048,NA,2018-03-01,42590.03229
"South Africa","Areas, nes","7108","kg",14972.9,"kg",14972.9,599810758.125,NA,2018-03-01,42590.03229
"South Africa","Namibia","710813","kg",2.13,"kg",2.13,26993.048,NA,2018-03-01,42590.03229
"South Africa","Areas, nes","710813","kg",14972.9,"kg",14972.9,599810758.125,NA,2018-03-01,42590.03229
"Kenya","Switzerland","7108","kg",30.25,"g",30250,481606.71,"w",2018-04-01,42911.53929
"Kenya","Switzerland","710813","kg",30.25,"g",30250,481606.71,"w",2018-04-01,42911.53929
"South Africa","Namibia","7108","kg",6.39,"kg",6.39,6034.979,NA,2018-04-01,42911.53929
"South Africa","Areas, nes","7108","kg",12082,"kg",12082,482801913.599,NA,2018-04-01,42911.53929
"South Africa","Namibia","710813","kg",6.39,"kg",6.39,6034.979,NA,2018-04-01,42911.53929
"South Africa","Areas, nes","710813","kg",12082,"kg",12082,482801913.599,NA,2018-04-01,42911.53929
"Kenya","Switzerland","7108","kg",4.95,"g",4950,145202.142,"w",2018-05-01,41892.3621
"Kenya","United Arab Emirates","7108","kg",1,"g",151,6057.651,NA,2018-05-01,41892.3621
"Kenya","Switzerland","710813","kg",4.95,"g",4950,145202.142,"w",2018-05-01,41892.3621
"Kenya","United Arab Emirates","710813","kg",1,"g",151,6057.651,NA,2018-05-01,41892.3621
"South Africa","Namibia","7108",NA,NA,NA,NA,8399.537,NA,2018-05-01,41892.3621
"South Africa","Areas, nes","7108","kg",11031.1,"kg",11031.1,397009164.574,NA,2018-05-01,41892.3621
"South Africa","Namibia","710813",NA,NA,"kg",74.15,8399.537,NA,2018-05-01,41892.3621
"South Africa","Areas, nes","710813","kg",11031.1,"kg",11031.1,397009164.574,NA,2018-05-01,41892.3621
"Kenya","South Africa","7108","kg",34.812,"g",34812,1191983.383,"b",2018-06-01,41204.33712
"Kenya","Switzerland","7108","kg",14.43,"g",14430,493052.187,"w",2018-06-01,41204.33712
"Kenya","United Arab Emirates","7108","kg",1,"g",137,3019.714,NA,2018-06-01,41204.33712
"Kenya","United Arab Emirates","710812","kg",1,"g",137,3019.714,NA,2018-06-01,41204.33712
"Kenya","South Africa","710813","kg",34.812,"g",34812,1191983.383,"b",2018-06-01,41204.33712
"Kenya","Switzerland","710813","kg",14.43,"g",14430,493052.187,"w",2018-06-01,41204.33712
"South Africa","Botswana","7108","kg",1,"kg",1,1885.516,NA,2018-06-01,41204.33712
"South Africa","Namibia","7108","kg",3.73,"kg",3.73,25044.846,NA,2018-06-01,41204.33712
"South Africa","Areas, nes","7108","kg",12960.4,"kg",12960.4,495251939.396,NA,2018-06-01,41204.33712
"South Africa","Botswana","710812","kg",1,"kg",1,1885.516,NA,2018-06-01,41204.33712
"South Africa","Namibia","710813","kg",3.73,"kg",3.73,25044.846,NA,2018-06-01,41204.33712
"South Africa","Areas, nes","710813","kg",12960.4,"kg",12960.4,495251939.396,NA,2018-06-01,41204.33712
"Kenya","South Africa","7108","kg",38.938,"g",38938,1407761.483,"b",2018-07-01,39818.64195
"Kenya","Switzerland","7108","kg",40.464,"g",40464,1160583.375,"w",2018-07-01,39818.64195
"Kenya","United Arab Emirates","7108","kg",2,"g",274,6028.477,NA,2018-07-01,39818.64195
"Kenya","United Arab Emirates","710812","kg",2,"g",274,6028.477,NA,2018-07-01,39818.64195
"Kenya","South Africa","710813","kg",38.938,"g",38938,1407761.483,"b",2018-07-01,39818.64195
"Kenya","Switzerland","710813","kg",40.464,"g",40464,1160583.375,"w",2018-07-01,39818.64195
"South Africa","Namibia","7108","kg",3.23,"kg",3.23,9007.069,NA,2018-07-01,39818.64195
"South Africa","Areas, nes","7108","kg",13319.4,"kg",13319.4,473784193.35,NA,2018-07-01,39818.64195
"South Africa","Namibia","710813","kg",3.23,"kg",3.23,9007.069,NA,2018-07-01,39818.64195
"South Africa","Areas, nes","710813","kg",13319.4,"kg",13319.4,473784193.35,NA,2018-07-01,39818.64195
"Kenya","United Arab Emirates","7108","kg",1,"g",1000,35996.173,NA,2018-08-01,38622.63591
"Kenya","United Arab Emirates","710812","kg",1,"g",1000,35996.173,NA,2018-08-01,38622.63591
"South Africa","Namibia","7108","kg",1.9,"kg",1.9,7727.888,NA,2018-08-01,38622.63591
"South Africa","Areas, nes","7108","kg",16141.7,"kg",16141.7,502774781.28,NA,2018-08-01,38622.63591
"South Africa","Namibia","710813","kg",1.9,"kg",1.9,7727.888,NA,2018-08-01,38622.63591
"South Africa","Areas, nes","710813","kg",16141.7,"kg",16141.7,502774781.28,NA,2018-08-01,38622.63591
"Kenya","Rep. of Korea","7108","kg",1,"g",214,7518.821,"w",2018-09-01,38532.61395
"Kenya","Qatar","7108","kg",2,"g",2000,94092.162,NA,2018-09-01,38532.61395
"Kenya","South Africa","7108","kg",22.777,"g",22777,739964.176,"b",2018-09-01,38532.61395
"Kenya","Switzerland","7108","kg",16.45,"g",16450,537743.482,"w",2018-09-01,38532.61395
"Kenya","United Arab Emirates","7108","kg",1,"g",1000,36258.996,NA,2018-09-01,38532.61395
"Kenya","Rep. of Korea","710812","kg",1,"g",214,7518.821,"w",2018-09-01,38532.61395
"Kenya","Qatar","710812","kg",2,"g",2000,94092.162,NA,2018-09-01,38532.61395
"Kenya","United Arab Emirates","710812","kg",1,"g",1000,36258.996,NA,2018-09-01,38532.61395
"Kenya","South Africa","710813","kg",22.777,"g",22777,739964.176,"b",2018-09-01,38532.61395
"Kenya","Switzerland","710813","kg",16.45,"g",16450,537743.482,"w",2018-09-01,38532.61395
"South Africa","Namibia","7108","kg",5.64,"kg",5.64,20223.566,NA,2018-09-01,38532.61395
"South Africa","Areas, nes","7108","kg",10259.6,"kg",10259.6,325762172.561,NA,2018-09-01,38532.61395
"South Africa","Namibia","710813","kg",5.64,"kg",5.64,20223.566,NA,2018-09-01,38532.61395
"South Africa","Areas, nes","710813","kg",10259.6,"kg",10259.6,325762172.561,NA,2018-09-01,38532.61395
"Kenya","China, Hong Kong SAR","7108","kg",2,"g",2000,76295.99,"b",2018-10-01,39075.96078
"Kenya","Switzerland","7108","kg",13964.9,"g",13964900,560081.552,"w",2018-10-01,39075.96078
"Kenya","United Arab Emirates","7108","kg",2,"g",1038,36074.342,NA,2018-10-01,39075.96078
"Kenya","China, Hong Kong SAR","710812","kg",2,"g",2000,76295.99,"b",2018-10-01,39075.96078
"Kenya","United Arab Emirates","710812","kg",2,"g",1038,36074.342,NA,2018-10-01,39075.96078
"Kenya","Switzerland","710813","kg",13964.9,"g",13964900,560081.552,"w",2018-10-01,39075.96078
"South Africa","Namibia","7108","kg",119.31,"kg",119.31,22924.947,NA,2018-10-01,39075.96078
"South Africa","Eswatini","7108",NA,NA,NA,NA,132.655,NA,2018-10-01,39075.96078
"South Africa","Areas, nes","7108","kg",15355.2,"kg",15355.2,500449814.746,NA,2018-10-01,39075.96078
"South Africa","Eswatini","710812",NA,NA,"kg",20,132.655,NA,2018-10-01,39075.96078
"South Africa","Namibia","710813","kg",119.31,"kg",119.31,22924.947,NA,2018-10-01,39075.96078
"South Africa","Areas, nes","710813","kg",15355.2,"kg",15355.2,500449814.746,NA,2018-10-01,39075.96078
"Kenya","Switzerland","7108","kg",4.02,"g",4020,131712.351,"w",2018-11-01,39256.0047
"Kenya","Switzerland","710813","kg",4.02,"g",4020,131712.351,"w",2018-11-01,39256.0047
"South Africa","Namibia","7108","kg",2.947,NA,NA,8550.756,NA,2018-11-01,39256.0047
"South Africa","Areas, nes","7108","kg",13180.2,"kg",13180.2,461184241.63,NA,2018-11-01,39256.0047
"South Africa","Namibia","710812",NA,NA,"kg",21,3655.107,NA,2018-11-01,39256.0047
"South Africa","Namibia","710813","kg",2.86,"kg",2.86,4895.649,NA,2018-11-01,39256.0047
"South Africa","Areas, nes","710813","kg",13180.2,"kg",13180.2,461184241.63,NA,2018-11-01,39256.0047
"Kenya","Canada","7108","kg",1,"g",1000,37462.527,"w",2018-12-01,40120.85853
"Kenya","China, Hong Kong SAR","7108","kg",5,"g",5000,203429.139,"b",2018-12-01,40120.85853
"Kenya","South Africa","7108","kg",44.744,"g",44744,1499356.153,"b",2018-12-01,40120.85853
"Kenya","Switzerland","7108","kg",8.95,"g",8950,275569.651,"w",2018-12-01,40120.85853
"Kenya","USA","7108","kg",1,"g",1000,88.114,"w",2018-12-01,40120.85853
"Kenya","Canada","710812","kg",1,"g",1000,37462.527,"w",2018-12-01,40120.85853
"Kenya","China, Hong Kong SAR","710812","kg",5,"g",5000,203429.139,"b",2018-12-01,40120.85853
"Kenya","Switzerland","710812","kg",1,"g",1000,39488.347,"w",2018-12-01,40120.85853
"Kenya","USA","710812","kg",1,"g",1000,88.114,"w",2018-12-01,40120.85853
"Kenya","South Africa","710813","kg",44.744,"g",44744,1499356.153,"b",2018-12-01,40120.85853
"Kenya","Switzerland","710813","kg",7.95,"g",7950,236081.303,"w",2018-12-01,40120.85853
"South Africa","Namibia","7108","kg",8.64,"kg",8.64,17030.129,NA,2018-12-01,40120.85853
"South Africa","Areas, nes","7108","kg",6541.02,"kg",6541.02,219209964.961,NA,2018-12-01,40120.85853
"South Africa","Namibia","710813","kg",8.64,"kg",8.64,17030.129,NA,2018-12-01,40120.85853
"South Africa","Areas, nes","710813","kg",6541.02,"kg",6541.02,219209964.961,NA,2018-12-01,40120.85853
"Kenya","China, Hong Kong SAR","7108","kg",1,"g",1005,40089.147,"b",2019-01-01,41532.27426
"Kenya","Qatar","7108","kg",1,"g",1000,38807.808,NA,2019-01-01,41532.27426
"Kenya","Switzerland","7108","kg",4.853,"g",4853,157121.432,"w",2019-01-01,41532.27426
"Kenya","China, Hong Kong SAR","710812","kg",1,"g",1005,40089.147,"b",2019-01-01,41532.27426
"Kenya","Qatar","710812","kg",1,"g",1000,38807.808,NA,2019-01-01,41532.27426
"Kenya","Switzerland","710813","kg",4.853,"g",4853,157121.432,"w",2019-01-01,41532.27426
"South Africa","Namibia","7108","kg",3.26,"kg",3.26,2268.587,NA,2019-01-01,41532.27426
"South Africa","Areas, nes","7108","kg",6949.79,"kg",6949.79,280984158.867,NA,2019-01-01,41532.27426
"South Africa","Namibia","710813","kg",3.26,"kg",3.26,2268.587,NA,2019-01-01,41532.27426
"South Africa","Areas, nes","710813","kg",6949.79,"kg",6949.79,280984158.867,NA,2019-01-01,41532.27426
"Kenya","South Africa","7108","kg",61.521,"g",61521,2035656.179,"b",2019-02-01,42442.13907
"Kenya","Switzerland","7108","kg",19.473,"g",19473,681317.875,"w",2019-02-01,42442.13907
"Kenya","United Arab Emirates","7108","kg",3,"g",3049,85864.201,NA,2019-02-01,42442.13907
"Kenya","USA","7108","kg",1,"g",1000,37405.776,"w",2019-02-01,42442.13907
"Kenya","United Arab Emirates","710812","kg",3,"g",3049,85864.201,NA,2019-02-01,42442.13907
"Kenya","USA","710812","kg",1,"g",1000,37405.776,"w",2019-02-01,42442.13907
"Kenya","South Africa","710813","kg",61.521,"g",61521,2035656.179,"b",2019-02-01,42442.13907
"Kenya","Switzerland","710813","kg",19.473,"g",19473,681317.875,"w",2019-02-01,42442.13907
"South Africa","Namibia","7108","kg",2,"kg",2,1331.148,NA,2019-02-01,42442.13907
"South Africa","Eswatini","7108",NA,NA,NA,NA,162.733,NA,2019-02-01,42442.13907
"South Africa","Areas, nes","7108","kg",8792.96,"kg",8792.96,362452706.741,NA,2019-02-01,42442.13907
"South Africa","Eswatini","710812",NA,NA,"kg",5,162.733,NA,2019-02-01,42442.13907
"South Africa","Namibia","710813","kg",2,"kg",2,1331.148,NA,2019-02-01,42442.13907
"South Africa","Areas, nes","710813","kg",8792.96,"kg",8792.96,362452706.741,NA,2019-02-01,42442.13907
"South Africa","Namibia","7108",NA,NA,NA,NA,27.532,NA,2019-03-01,41824.84563
"South Africa","Areas, nes","7108","kg",9096.28,"kg",9096.28,359329943.612,NA,2019-03-01,41824.84563
"South Africa","Namibia","710813",NA,NA,"kg",1,27.532,NA,2019-03-01,41824.84563
"South Africa","Areas, nes","710813","kg",9096.28,"kg",9096.28,359329943.612,NA,2019-03-01,41824.84563
"South Africa","Namibia","7108","kg",8.35,"kg",8.35,12531.402,NA,2019-04-01,41361.87555
"South Africa","Eswatini","7108",NA,NA,NA,NA,382.921,NA,2019-04-01,41361.87555
"South Africa","Areas, nes","7108","kg",6483.86,"kg",6483.86,262785423.35,NA,2019-04-01,41361.87555
"South Africa","Namibia","710813","kg",8.35,"kg",8.35,12531.402,NA,2019-04-01,41361.87555
"South Africa","Eswatini","710813",NA,NA,"kg",113.39,382.921,NA,2019-04-01,41361.87555
"South Africa","Areas, nes","710813","kg",6483.86,"kg",6483.86,262785423.35,NA,2019-04-01,41361.87555
"South Africa","Namibia","7108","kg",4.23,"kg",4.23,5004.512,NA,2019-05-01,41281.4988
"South Africa","Areas, nes","7108","kg",5392.42,"kg",5392.42,214729921.252,NA,2019-05-01,41281.4988
"South Africa","Namibia","710813","kg",4.23,"kg",4.23,5004.512,NA,2019-05-01,41281.4988
"South Africa","Areas, nes","710813","kg",5392.42,"kg",5392.42,214729921.252,NA,2019-05-01,41281.4988
"South Africa","Namibia","7108",NA,NA,NA,NA,11089.084,NA,2019-06-01,43692.8013
"South Africa","Areas, nes","7108","kg",9182.86,"kg",9182.86,388517918.177,NA,2019-06-01,43692.8013
"South Africa","Namibia","710813",NA,NA,"kg",395.92,11089.084,NA,2019-06-01,43692.8013
"South Africa","Areas, nes","710813","kg",9182.86,"kg",9182.86,388517918.177,NA,2019-06-01,43692.8013
"South Africa","Namibia","7108","kg",4.12,"kg",4.12,7605.705,NA,2019-07-01,45428.9391
"South Africa","Eswatini","7108",NA,NA,NA,NA,99.241,NA,2019-07-01,45428.9391
"South Africa","Areas, nes","7108","kg",10089.2,"kg",10089.2,441007162.742,NA,2019-07-01,45428.9391
"South Africa","Eswatini","710812",NA,NA,"kg",10,99.241,NA,2019-07-01,45428.9391
"South Africa","Namibia","710813","kg",4.12,"kg",4.12,7605.705,NA,2019-07-01,45428.9391
"South Africa","Areas, nes","710813","kg",10089.2,"kg",10089.2,441007162.742,NA,2019-07-01,45428.9391
"South Africa","Areas, nes","7108","kg",8469.32,"kg",8469.32,391767927.561,NA,2019-08-01,48187.46916
"South Africa","Areas, nes","710813","kg",8469.32,"kg",8469.32,391767927.561,NA,2019-08-01,48187.46916
"South Africa","Lesotho","7108",NA,NA,NA,NA,8.89,NA,2019-09-01,48589.35291
"South Africa","Namibia","7108","kg",1.5,"kg",1.5,4213.216,NA,2019-09-01,48589.35291
"South Africa","Areas, nes","7108","kg",7462.98,"kg",7462.98,357616503.045,NA,2019-09-01,48589.35291
"South Africa","Lesotho","710813",NA,NA,"kg",10,8.89,NA,2019-09-01,48589.35291
"South Africa","Namibia","710813","kg",1.5,"kg",1.5,4213.216,NA,2019-09-01,48589.35291
"South Africa","Areas, nes","710813","kg",7462.98,"kg",7462.98,357616503.045,NA,2019-09-01,48589.35291
"South Africa","Botswana","7108","kg",0.05,"kg",0.05,114.715,NA,2019-10-01,48058.86636
"South Africa","Namibia","7108",NA,NA,NA,NA,6210.299,NA,2019-10-01,48058.86636
"South Africa","Areas, nes","7108","kg",13544.7,"kg",13544.7,643831998.958,NA,2019-10-01,48058.86636
"South Africa","Botswana","710813","kg",0.05,"kg",0.05,114.715,NA,2019-10-01,48058.86636
"South Africa","Namibia","710813",NA,NA,"kg",86.42,6210.299,NA,2019-10-01,48058.86636
"South Africa","Areas, nes","710813","kg",13544.7,"kg",13544.7,643831998.958,NA,2019-10-01,48058.86636
"South Africa","Namibia","7108","kg",1,"kg",1,2331.736,NA,2019-11-01,47261.529
"South Africa","Eswatini","7108",NA,NA,NA,NA,225.148,NA,2019-11-01,47261.529
"South Africa","Areas, nes","7108","kg",9723.89,"kg",9723.89,448125327.283,NA,2019-11-01,47261.529
"South Africa","Eswatini","710812",NA,NA,"kg",15,225.148,NA,2019-11-01,47261.529
"South Africa","Namibia","710813","kg",1,"kg",1,2331.736,NA,2019-11-01,47261.529
"South Africa","Areas, nes","710813","kg",9723.89,"kg",9723.89,448125327.283,NA,2019-11-01,47261.529
"South Africa","Botswana","7108","kg",0.05,"kg",0.05,101.554,NA,2019-12-01,47454.4332
"South Africa","Namibia","7108","kg",1.6,"kg",1.6,1094.649,NA,2019-12-01,47454.4332
"South Africa","Areas, nes","7108","kg",9828.34,"kg",9828.34,456386215.158,NA,2019-12-01,47454.4332
"South Africa","Namibia","710812","kg",0.76,"kg",0.76,553.767,NA,2019-12-01,47454.4332
"South Africa","Botswana","710813","kg",0.05,"kg",0.05,101.554,NA,2019-12-01,47454.4332
"South Africa","Namibia","710813","kg",0.84,"kg",0.84,540.882,NA,2019-12-01,47454.4332
"South Africa","Areas, nes","710813","kg",9828.34,"kg",9828.34,456386215.158,NA,2019-12-01,47454.4332
"Kenya","Dem. People's Rep. of Korea","7108","kg",1,"kg",1,6533.26,NA,2020-01-01,50177.59749
"Kenya","South Africa","7108",NA,NA,NA,NA,326642.785,"b",2020-01-01,50177.59749
"Kenya","Dem. People's Rep. of Korea","710812","kg",1,"kg",1,6533.26,NA,2020-01-01,50177.59749
"Kenya","South Africa","710813",NA,NA,"kg",8051,326642.785,"b",2020-01-01,50177.59749
"South Africa","Botswana","7108","kg",0.04,"kg",0.04,1210.933,NA,2020-01-01,50177.59749
"South Africa","Namibia","7108","kg",2.71,"kg",2.71,23679.586,NA,2020-01-01,50177.59749
"South Africa","Areas, nes","7108","kg",8872.28,"kg",8872.28,438619301.268,NA,2020-01-01,50177.59749
"South Africa","Botswana","710813","kg",0.04,"kg",0.04,1210.933,NA,2020-01-01,50177.59749
"South Africa","Namibia","710813","kg",2.71,"kg",2.71,23679.586,NA,2020-01-01,50177.59749
"South Africa","Areas, nes","710813","kg",8872.28,"kg",8872.28,438619301.268,NA,2020-01-01,50177.59749
"Kenya","Rep. of Korea","7108","kg",1,"kg",1,1848.041,"w",2020-02-01,51347.88297
"Kenya","South Africa","7108",NA,NA,NA,NA,2082518.688,"b",2020-02-01,51347.88297
"Kenya","United Arab Emirates","7108","kg",2,"kg",2,92594.823,NA,2020-02-01,51347.88297
"Kenya","Rep. of Korea","710812","kg",1,"kg",1,1848.041,"w",2020-02-01,51347.88297
"Kenya","United Arab Emirates","710812","kg",2,"kg",2,92594.823,NA,2020-02-01,51347.88297
"Kenya","South Africa","710813",NA,NA,"kg",50317,2082518.688,"b",2020-02-01,51347.88297
"South Africa","Botswana","7108","kg",2.36,"kg",2.36,2209.612,NA,2020-02-01,51347.88297
"South Africa","Namibia","7108","kg",0.26,"kg",0.26,907.008,NA,2020-02-01,51347.88297
"South Africa","Areas, nes","7108","kg",10593.9,"kg",10593.9,545090061.681,NA,2020-02-01,51347.88297
"South Africa","Botswana","710813","kg",2.36,"kg",2.36,2209.612,NA,2020-02-01,51347.88297
"South Africa","Namibia","710813","kg",0.26,"kg",0.26,907.008,NA,2020-02-01,51347.88297
"South Africa","Areas, nes","710813","kg",10593.9,"kg",10593.9,545090061.681,NA,2020-02-01,51347.88297
"Kenya","China, Hong Kong SAR","7108","kg",42,"kg",42,577237.181,"b",2020-03-01,51180.69933
"Kenya","Rep. of Korea","7108","kg",1,"kg",1,47052.855,"w",2020-03-01,51180.69933
"Kenya","United Arab Emirates","7108","kg",1,"kg",1,45221.001,NA,2020-03-01,51180.69933
"Kenya","China, Hong Kong SAR","710812","kg",2,"kg",2,89319.044,"b",2020-03-01,51180.69933
"Kenya","Rep. of Korea","710812","kg",1,"kg",1,47052.855,"w",2020-03-01,51180.69933
"Kenya","United Arab Emirates","710812","kg",1,"kg",1,45221.001,NA,2020-03-01,51180.69933
"Kenya","China, Hong Kong SAR","710813","kg",40,"kg",40,487918.137,"b",2020-03-01,51180.69933
"South Africa","Botswana","7108","kg",0.18,"kg",0.18,3700.218,NA,2020-03-01,51180.69933
"South Africa","Namibia","7108","kg",2.17,"kg",2.17,11699.948,NA,2020-03-01,51180.69933
"South Africa","Areas, nes","7108","kg",12725.8,"kg",12725.8,620427115.349,NA,2020-03-01,51180.69933
"South Africa","Botswana","710813","kg",0.18,"kg",0.18,3700.218,NA,2020-03-01,51180.69933
"South Africa","Namibia","710813","kg",2.17,"kg",2.17,11699.948,NA,2020-03-01,51180.69933
"South Africa","Areas, nes","710813","kg",12725.8,"kg",12725.8,620427115.349,NA,2020-03-01,51180.69933
"South Africa","Namibia","7108","kg",5.01,"kg",5.01,278489.919,NA,2020-04-01,54106.41303
"South Africa","Areas, nes","7108","kg",685.46,"kg",685.46,29987974.395,NA,2020-04-01,54106.41303
"South Africa","Namibia","710813","kg",5.01,"kg",5.01,278489.919,NA,2020-04-01,54106.41303
"South Africa","Areas, nes","710813","kg",685.46,"kg",685.46,29987974.395,NA,2020-04-01,54106.41303
"South Africa","Namibia","7108","kg",1,"kg",1,2299.62,NA,2020-05-01,55183.46148
"South Africa","Areas, nes","7108","kg",9261.05,"kg",9261.05,480556412.105,NA,2020-05-01,55183.46148
"South Africa","Namibia","710813","kg",1,"kg",1,2299.62,NA,2020-05-01,55183.46148
"South Africa","Areas, nes","710813","kg",9261.05,"kg",9261.05,480556412.105,NA,2020-05-01,55183.46148
"South Africa","Botswana","7108",NA,NA,NA,NA,776.564,NA,2020-06-01,55691.44254
"South Africa","Namibia","7108","kg",16.4,"kg",16.4,633034.003,NA,2020-06-01,55691.44254
"South Africa","Areas, nes","7108","kg",11579.4,"kg",11579.4,614354270.931,NA,2020-06-01,55691.44254
"South Africa","Botswana","710811",NA,NA,"kg",0.5,2.335,NA,2020-06-01,55691.44254
"South Africa","Botswana","710813","kg",0.04,"kg",0.04,774.229,NA,2020-06-01,55691.44254
"South Africa","Namibia","710813","kg",16.4,"kg",16.4,633034.003,NA,2020-06-01,55691.44254
"South Africa","Areas, nes","710813","kg",11579.4,"kg",11579.4,614354270.931,NA,2020-06-01,55691.44254
"South Africa","Botswana","7108","kg",0.05,"kg",0.05,2382.779,NA,2020-07-01,59263.38531
"South Africa","Namibia","7108","kg",0.12,"kg",0.12,7404.614,NA,2020-07-01,59263.38531
"South Africa","Areas, nes","7108","kg",10871.1,"kg",10871.1,568669574.248,NA,2020-07-01,59263.38531
"South Africa","Botswana","710813","kg",0.05,"kg",0.05,2382.779,NA,2020-07-01,59263.38531
"South Africa","Namibia","710813","kg",0.12,"kg",0.12,7404.614,NA,2020-07-01,59263.38531
"South Africa","Areas, nes","710813","kg",10871.1,"kg",10871.1,568669574.248,NA,2020-07-01,59263.38531
"South Africa","Botswana","7108","kg",0.03,"kg",0.03,4011.189,NA,2020-08-01,63291.86802
"South Africa","Namibia","7108","kg",0.6,"kg",0.6,187.049,NA,2020-08-01,63291.86802
"South Africa","Areas, nes","7108","kg",11860,"kg",11860,688128755.542,NA,2020-08-01,63291.86802
"South Africa","Botswana","710813","kg",0.03,"kg",0.03,4011.189,NA,2020-08-01,63291.86802
"South Africa","Namibia","710813","kg",0.6,"kg",0.6,187.049,NA,2020-08-01,63291.86802
"South Africa","Areas, nes","710813","kg",11860,"kg",11860,688128755.542,NA,2020-08-01,63291.86802
"Kenya","Ethiopia","7108","kg",1,"kg",1,35025.805,NA,2020-09-01,61800.07554
"Kenya","China, Hong Kong SAR","7108","kg",4,"kg",4,227930.492,"b",2020-09-01,61800.07554
"Kenya","Ethiopia","710812","kg",1,"kg",1,35025.805,NA,2020-09-01,61800.07554
"Kenya","China, Hong Kong SAR","710812","kg",4,"kg",4,227930.492,"b",2020-09-01,61800.07554
"South Africa","Botswana","7108","kg",0.06,"kg",0.06,3420.229,NA,2020-09-01,61800.07554
"South Africa","Areas, nes","7108","kg",11578.1,"kg",11578.1,696363411.254,NA,2020-09-01,61800.07554
"South Africa","Botswana","710813","kg",0.06,"kg",0.06,3420.229,NA,2020-09-01,61800.07554
"South Africa","Areas, nes","710813","kg",11578.1,"kg",11578.1,696363411.254,NA,2020-09-01,61800.07554
"Kenya","South Africa","7108",NA,NA,NA,NA,5181422.68,"b",2020-10-01,61095.97521
"Kenya","South Africa","710813",NA,NA,"kg",101755,5181422.68,"b",2020-10-01,61095.97521
"South Africa","Botswana","7108","kg",1.29,"kg",1.29,3811.424,NA,2020-10-01,61095.97521
"South Africa","Namibia","7108","kg",4,"kg",4,13485.516,NA,2020-10-01,61095.97521
"South Africa","Areas, nes","7108","kg",11939.6,"kg",11939.6,717545466.701,NA,2020-10-01,61095.97521
"South Africa","Botswana","710813","kg",1.29,"kg",1.29,3811.424,NA,2020-10-01,61095.97521
"South Africa","Namibia","710813","kg",4,"kg",4,13485.516,NA,2020-10-01,61095.97521
"South Africa","Areas, nes","710813","kg",11939.6,"kg",11939.6,717545466.701,NA,2020-10-01,61095.97521
"Kenya","China, Hong Kong SAR","7108","kg",2,"kg",2,98774.128,"b",2020-11-01,59912.82945
"Kenya","South Africa","7108",NA,NA,NA,NA,128998.445,"b",2020-11-01,59912.82945
"Kenya","United Arab Emirates","7108","kg",5,"kg",5,347385.385,NA,2020-11-01,59912.82945
"Kenya","China, Hong Kong SAR","710812","kg",2,"kg",2,98774.128,"b",2020-11-01,59912.82945
"Kenya","United Arab Emirates","710812","kg",5,"kg",5,347385.385,NA,2020-11-01,59912.82945
"Kenya","South Africa","710813",NA,NA,"kg",2903,128998.445,"b",2020-11-01,59912.82945
"South Africa","Botswana","7108","kg",0.03,"kg",0.03,1813.966,NA,2020-11-01,59912.82945
"South Africa","Areas, nes","7108","kg",12917.4,"kg",12917.4,778769806.176,NA,2020-11-01,59912.82945
"South Africa","Botswana","710813","kg",0.03,"kg",0.03,1813.966,NA,2020-11-01,59912.82945
"South Africa","Areas, nes","710813","kg",12917.4,"kg",12917.4,778769806.176,NA,2020-11-01,59912.82945
"Kenya","Cyprus","7108","kg",1,"kg",1,48551.745,"w",2020-12-01,59671.6992
"Kenya","South Africa","7108",NA,NA,NA,NA,419632.597,"b",2020-12-01,59671.6992
"Kenya","United Arab Emirates","7108","kg",1,"kg",1,54391.285,NA,2020-12-01,59671.6992
"Kenya","Cyprus","710812","kg",1,"kg",1,48551.745,"w",2020-12-01,59671.6992
"Kenya","United Arab Emirates","710812","kg",1,"kg",1,54391.285,NA,2020-12-01,59671.6992
"Kenya","South Africa","710813",NA,NA,"kg",9459,419632.597,"b",2020-12-01,59671.6992
"Kenya","South Africa","7108",NA,NA,NA,NA,398387.525,"b",2021-01-01,60025.3569
"Kenya","South Africa","710813",NA,NA,"g",8570000,398387.525,"b",2021-01-01,60025.3569
"South Africa","Areas, nes","7108","kg",6659.53,"kg",6659.53,389663102.7,NA,2021-01-01,60025.3569
"South Africa","Areas, nes","710813","kg",6659.53,"kg",6659.53,389663102.7,NA,2021-01-01,60025.3569
"Kenya","South Africa","7108",NA,NA,NA,NA,1203294.433,"b",2021-02-01,58134.89574
"Kenya","Switzerland","7108",NA,NA,NA,NA,210036.423,"w",2021-02-01,58134.89574
"Kenya","South Africa","710813",NA,NA,"g",24535000,1203294.433,"b",2021-02-01,58134.89574
"Kenya","Switzerland","710813",NA,NA,"g",4758000,210036.423,"w",2021-02-01,58134.89574
"South Africa","Areas, nes","7108","kg",13087.7,"kg",13087.7,749271374.826,NA,2021-02-01,58134.89574
"South Africa","Areas, nes","710813","kg",13087.7,"kg",13087.7,749271374.826,NA,2021-02-01,58134.89574
"Kenya","China, Hong Kong SAR","7108",NA,NA,NA,NA,49112.531,"b",2021-03-01,55241.33274
"Kenya","Switzerland","7108",NA,NA,NA,NA,313259.294,"w",2021-03-01,55241.33274
"Kenya","China, Hong Kong SAR","710813",NA,NA,"g",1008210,49112.531,"b",2021-03-01,55241.33274
"Kenya","Switzerland","710813",NA,NA,"g",7335000,313259.294,"w",2021-03-01,55241.33274
"South Africa","Namibia","7108",NA,NA,NA,NA,1201.882,NA,2021-03-01,55241.33274
"South Africa","Areas, nes","7108","kg",12056.3,"kg",12056.3,652724857.833,NA,2021-03-01,55241.33274
"South Africa","Namibia","710811",NA,NA,"kg",65.09,1188.677,NA,2021-03-01,55241.33274
"South Africa","Namibia","710813",NA,NA,"kg",0.63,13.205,NA,2021-03-01,55241.33274
"South Africa","Areas, nes","710813","kg",12056.3,"kg",12056.3,652724857.833,NA,2021-03-01,55241.33274
"Kenya","Cameroon","7108","kg",1,"g",1000,64206.764,NA,2021-04-01,56639.88819
"Kenya","Dem. Rep. of the Congo","7108",NA,NA,NA,NA,139007.306,NA,2021-04-01,56639.88819
"Kenya","Switzerland","7108",NA,NA,NA,NA,143976.531,"w",2021-04-01,56639.88819
"Kenya","United Arab Emirates","7108","kg",1,"g",1000,26136.728,NA,2021-04-01,56639.88819
"Kenya","Cameroon","710812","kg",1,"g",1000,64206.764,NA,2021-04-01,56639.88819
"Kenya","United Arab Emirates","710812","kg",1,"g",1000,26136.728,NA,2021-04-01,56639.88819
"Kenya","Dem. Rep. of the Congo","710813",NA,NA,"g",3223000,139007.306,NA,2021-04-01,56639.88819
"Kenya","Switzerland","710813",NA,NA,"g",3268000,143976.531,"w",2021-04-01,56639.88819
"South Africa","Namibia","7108","kg",1,"kg",1,8850.717,NA,2021-04-01,56639.88819
"South Africa","Areas, nes","7108","kg",7510.62,"kg",7510.62,418926561.633,NA,2021-04-01,56639.88819
"South Africa","Namibia","710813","kg",1,"kg",1,8850.717,NA,2021-04-01,56639.88819
"South Africa","Areas, nes","710813","kg",7510.62,"kg",7510.62,418926561.633,NA,2021-04-01,56639.88819
"Kenya","Switzerland","7108",NA,NA,NA,NA,240981.742,"w",2021-05-01,59581.67724
"Kenya","Switzerland","710813",NA,NA,"g",5374000,240981.742,"w",2021-05-01,59581.67724
"South Africa","Namibia","7108","kg",0.25,"kg",0.25,668.411,NA,2021-05-01,59581.67724
"South Africa","Eswatini","7108",NA,NA,NA,NA,89.188,NA,2021-05-01,59581.67724
"South Africa","Areas, nes","7108","kg",9674.4,"kg",9674.4,572404794.154,NA,2021-05-01,59581.67724
"South Africa","Eswatini","710812",NA,NA,"kg",1,89.188,NA,2021-05-01,59581.67724
"South Africa","Namibia","710813","kg",0.25,"kg",0.25,668.411,NA,2021-05-01,59581.67724
"South Africa","Areas, nes","710813","kg",9674.4,"kg",9674.4,572404794.154,NA,2021-05-01,59581.67724
"Kenya","Switzerland","7108",NA,NA,NA,NA,1035360.159,"w",2021-06-01,58983.67422
"Kenya","United Arab Emirates","7108","kg",1,"g",1000,56222.575,NA,2021-06-01,58983.67422
"Kenya","United Arab Emirates","710812","kg",1,"g",1000,56222.575,NA,2021-06-01,58983.67422
"Kenya","Switzerland","710813",NA,NA,"g",22212000,1035360.159,"w",2021-06-01,58983.67422
"South Africa","Namibia","7108","kg",31.19,"kg",31.19,18939.158,NA,2021-06-01,58983.67422
"South Africa","Areas, nes","7108","kg",13460.2,"kg",13460.2,788897735.153,NA,2021-06-01,58983.67422
"South Africa","Namibia","710813","kg",31.19,"kg",31.19,18939.158,NA,2021-06-01,58983.67422
"South Africa","Areas, nes","710813","kg",13460.2,"kg",13460.2,788897735.153,NA,2021-06-01,58983.67422
"Kenya","Switzerland","7108",NA,NA,NA,NA,578895.152,"w",2021-07-01,58099.52997
"Kenya","United Arab Emirates","7108","kg",1,"g",1000,51956.028,NA,2021-07-01,58099.52997
"Kenya","USA","7108","kg",0.05,"g",50,2892.157,"w",2021-07-01,58099.52997
"Kenya","United Arab Emirates","710812","kg",1,"g",1000,51956.028,NA,2021-07-01,58099.52997
"Kenya","USA","710812","kg",0.05,"g",50,2892.157,"w",2021-07-01,58099.52997
"Kenya","Switzerland","710813",NA,NA,"g",12629000,578895.152,"w",2021-07-01,58099.52997
"South Africa","Namibia","7108","kg",2,"kg",2,759.447,NA,2021-07-01,58099.52997
"South Africa","Areas, nes","7108","kg",9987.25,"kg",9987.25,577684928.289,NA,2021-07-01,58099.52997
"South Africa","Namibia","710813","kg",2,"kg",2,759.447,NA,2021-07-01,58099.52997
"South Africa","Areas, nes","710813","kg",9987.25,"kg",9987.25,577684928.289,NA,2021-07-01,58099.52997
"Kenya","South Africa","7108","kg",4.22,"g",4220,6012.891,"b",2021-08-01,57356.8488
"Kenya","Switzerland","7108","kg",11.814,"g",11814,544562.14,"w",2021-08-01,57356.8488
"Kenya","South Africa","710813","kg",4.22,"g",4220,6012.891,"b",2021-08-01,57356.8488
"Kenya","Switzerland","710813","kg",11.814,"g",11814,544562.14,"w",2021-08-01,57356.8488
"South Africa","Namibia","7108","kg",4.06,"kg",4.06,8307.332,NA,2021-08-01,57356.8488
"South Africa","Areas, nes","7108","kg",8655.34,"kg",8655.34,492528105.371,NA,2021-08-01,57356.8488
"South Africa","Namibia","710813","kg",4.06,"kg",4.06,8307.332,NA,2021-08-01,57356.8488
"South Africa","Areas, nes","710813","kg",8655.34,"kg",8655.34,492528105.371,NA,2021-08-01,57356.8488
"Kenya","China, Hong Kong SAR","7108","kg",5,"g",5000,205355.382,"b",2021-09-01,57141.43911
"Kenya","Switzerland","7108","kg",19.842,"g",19842,744176.171,"w",2021-09-01,57141.43911
"Kenya","United Arab Emirates","7108","kg",4.987,"g",4987.2,191363.247,NA,2021-09-01,57141.43911
"Kenya","USA","7108","kg",0.204,"g",204,8532.81,"w",2021-09-01,57141.43911
"Kenya","China, Hong Kong SAR","710812","kg",5,"g",5000,205355.382,"b",2021-09-01,57141.43911
"Kenya","United Arab Emirates","710812","kg",4.987,"g",4987.2,191363.247,NA,2021-09-01,57141.43911
"Kenya","USA","710812","kg",0.204,"g",204,8532.81,"w",2021-09-01,57141.43911
"Kenya","Switzerland","710813","kg",19.842,"g",19842,744176.171,"w",2021-09-01,57141.43911
"South Africa","Namibia","7108",NA,NA,NA,NA,19457.378,NA,2021-09-01,57141.43911
"South Africa","Areas, nes","7108","kg",12773,"kg",12773,727501643.585,NA,2021-09-01,57141.43911
"South Africa","Namibia","710811",NA,NA,"kg",5,222.194,NA,2021-09-01,57141.43911
"South Africa","Namibia","710812",NA,NA,"kg",12.2,1699.865,NA,2021-09-01,57141.43911
"South Africa","Namibia","710813",NA,NA,"kg",141.76,17535.319,NA,2021-09-01,57141.43911
"South Africa","Areas, nes","710813","kg",12773,"kg",12773,727501643.585,NA,2021-09-01,57141.43911
"Kenya","South Africa","7108","kg",46.077,"g",46077,2212311.27,"b",2021-10-01,57128.57883
"Kenya","Switzerland","7108","kg",19.082,"g",19082,886562.256,"w",2021-10-01,57128.57883
"Kenya","South Africa","710813","kg",46.077,"g",46077,2212311.27,"b",2021-10-01,57128.57883
"Kenya","Switzerland","710813","kg",19.082,"g",19082,886562.256,"w",2021-10-01,57128.57883
"South Africa","Botswana","7108",NA,NA,NA,NA,172.761,NA,2021-10-01,57128.57883
"South Africa","Namibia","7108","kg",21.47,"kg",21.47,76126.064,NA,2021-10-01,57128.57883
"South Africa","Eswatini","7108",NA,NA,NA,NA,8.547,NA,2021-10-01,57128.57883
"South Africa","Areas, nes","7108","kg",9124.98,"kg",9124.98,517215310.183,NA,2021-10-01,57128.57883
"South Africa","Botswana","710811",NA,NA,"kg",2,0.673,NA,2021-10-01,57128.57883
"South Africa","Namibia","710812","kg",5.8,"kg",5.8,40098.101,NA,2021-10-01,57128.57883
"South Africa","Eswatini","710812",NA,NA,"kg",70,8.547,NA,2021-10-01,57128.57883
"South Africa","Botswana","710813",NA,NA,"kg",121.95,172.088,NA,2021-10-01,57128.57883
"South Africa","Namibia","710813","kg",15.67,"kg",15.67,36027.963,NA,2021-10-01,57128.57883
"South Africa","Areas, nes","710813","kg",9124.98,"kg",9124.98,517215310.183,NA,2021-10-01,57128.57883
"Kenya","South Africa","7108","kg",44.99,"g",44989.9,2273226.879,"b",2021-11-01,58520.70414
"Kenya","Switzerland","7108","kg",14.291,"g",14291,618511.39,"w",2021-11-01,58520.70414
"Kenya","South Africa","710813","kg",44.99,"g",44989.9,2273226.879,"b",2021-11-01,58520.70414
"Kenya","Switzerland","710813","kg",14.291,"g",14291,618511.39,"w",2021-11-01,58520.70414
"South Africa","Namibia","7108","kg",1.063,NA,NA,18617.948,NA,2021-11-01,58520.70414
"South Africa","Areas, nes","7108","kg",13673.5,"kg",13673.5,793177127.118,NA,2021-11-01,58520.70414
"South Africa","Namibia","710811",NA,NA,"kg",1,235.551,NA,2021-11-01,58520.70414
"South Africa","Namibia","710812","kg",1,"kg",1,14941.249,NA,2021-11-01,58520.70414
"South Africa","Namibia","710813",NA,NA,"kg",17.33,3441.147,NA,2021-11-01,58520.70414
"South Africa","Areas, nes","710813","kg",13673.5,"kg",13673.5,793177127.118,NA,2021-11-01,58520.70414
"Kenya","Germany","7108","kg",1,"g",1000,1803.07,"w",2021-12-01,57443.65569
"Kenya","South Africa","7108","kg",50.568,"g",50568.4,2453920.737,"b",2021-12-01,57443.65569
"Kenya","Switzerland","7108","kg",16.203,"g",16203,658233.69,"w",2021-12-01,57443.65569
"Kenya","Germany","710812","kg",1,"g",1000,1803.07,"w",2021-12-01,57443.65569
"Kenya","South Africa","710813","kg",50.568,"g",50568.4,2453920.737,"b",2021-12-01,57443.65569
"Kenya","Switzerland","710813","kg",16.203,"g",16203,658233.69,"w",2021-12-01,57443.65569
"South Africa","Areas, nes","7108","kg",10893.9,"kg",10893.9,627385972.541,NA,2021-12-01,57443.65569
"South Africa","Areas, nes","710813","kg",10893.9,"kg",10893.9,627385972.541,NA,2021-12-01,57443.65569
"Kenya","South Africa","7108","kg",34.045,"g",34045.3,1728322.199,"b",2022-01-01,58411.39176
"Kenya","Switzerland","7108","kg",15.646,"g",15646,724483.221,"w",2022-01-01,58411.39176
"Kenya","South Africa","710813","kg",34.045,"g",34045.3,1728322.199,"b",2022-01-01,58411.39176
"Kenya","Switzerland","710813","kg",15.646,"g",15646,724483.221,"w",2022-01-01,58411.39176
"South Africa","Namibia","7108","kg",0.78,"kg",0.78,11995.414,NA,2022-01-01,58411.39176
"South Africa","Areas, nes","7108","kg",8297.19,"kg",8297.19,483726486.328,NA,2022-01-01,58411.39176
"South Africa","Namibia","710812","kg",0.78,"kg",0.78,11995.414,NA,2022-01-01,58411.39176
"South Africa","Areas, nes","710813","kg",8297.19,"kg",8297.19,483726486.328,NA,2022-01-01,58411.39176
"Kenya","China, Hong Kong SAR","7108","kg",1,"g",1000,58836.62,"b",2022-02-01,59681.34441
"Kenya","Switzerland","7108","kg",16.982,"g",16982,786838.118,"w",2022-02-01,59681.34441
"Kenya","United Arab Emirates","7108","kg",1.997,"g",1997,113101.291,NA,2022-02-01,59681.34441
"Kenya","USA","7108","kg",1.926,"g",1926,117516.476,"w",2022-02-01,59681.34441
"Kenya","China, Hong Kong SAR","710812","kg",1,"g",1000,58836.62,"b",2022-02-01,59681.34441
"Kenya","United Arab Emirates","710812","kg",1.997,"g",1997,113101.291,NA,2022-02-01,59681.34441
"Kenya","USA","710812","kg",1.926,"g",1926,117516.476,"w",2022-02-01,59681.34441
"Kenya","Switzerland","710813","kg",16.982,"g",16982,786838.118,"w",2022-02-01,59681.34441
"South Africa","Namibia","7108","kg",2.56,"kg",2.56,3198.697,NA,2022-02-01,59681.34441
"South Africa","Areas, nes","7108","kg",5680.11,"kg",5680.11,333465130.731,NA,2022-02-01,59681.34441
"South Africa","Namibia","710811","kg",0.56,"kg",0.56,422.917,NA,2022-02-01,59681.34441
"South Africa","Namibia","710813","kg",2,"kg",2,2775.78,NA,2022-02-01,59681.34441
"South Africa","Areas, nes","710813","kg",5680.11,"kg",5680.11,333465130.731,NA,2022-02-01,59681.34441
"Kenya","Germany","7108","kg",0.106,"g",106,5352.327,"w",2022-03-01,62623.13346
"Kenya","South Africa","7108","kg",91.601,"g",91600.7,4930244.63,"b",2022-03-01,62623.13346
"Kenya","Switzerland","7108","kg",22.41,"g",22410,1084012.509,"w",2022-03-01,62623.13346
"Kenya","United Arab Emirates","7108","kg",1.006,"g",1006,46894.861,NA,2022-03-01,62623.13346
"Kenya","Germany","710812","kg",0.106,"g",106,5352.327,"w",2022-03-01,62623.13346
"Kenya","United Arab Emirates","710812","kg",1.006,"g",1006,46894.861,NA,2022-03-01,62623.13346
"Kenya","South Africa","710813","kg",91.601,"g",91600.7,4930244.63,"b",2022-03-01,62623.13346
"Kenya","Switzerland","710813","kg",22.41,"g",22410,1084012.509,"w",2022-03-01,62623.13346
"South Africa","Namibia","7108","kg",1,"kg",1,1321.151,NA,2022-03-01,62623.13346
"South Africa","Areas, nes","7108","kg",6919.87,"kg",6919.87,434185956.937,NA,2022-03-01,62623.13346
"South Africa","Namibia","710812","kg",1,"kg",1,1321.151,NA,2022-03-01,62623.13346
"South Africa","Areas, nes","710813","kg",6919.87,"kg",6919.87,434185956.937,NA,2022-03-01,62623.13346
"Kenya","United Kingdom","7108","kg",0.835,"g",834.8,403444.902,"w",2022-04-01,62176.23873
"Kenya","United Kingdom","710813","kg",0.835,"g",834.8,403444.902,"w",2022-04-01,62176.23873
"South Africa","Namibia","7108","kg",0.17,"kg",0.17,1591.835,NA,2022-04-01,62176.23873
"South Africa","Areas, nes","7108","kg",6839.87,"kg",6839.87,420860192.188,NA,2022-04-01,62176.23873
"South Africa","Namibia","710813","kg",0.17,"kg",0.17,1591.835,NA,2022-04-01,62176.23873
"South Africa","Areas, nes","710813","kg",6839.87,"kg",6839.87,420860192.188,NA,2022-04-01,62176.23873
"Kenya","South Africa","7108","kg",45.873,"g",45873.2,2321886.746,"b",2022-05-01,59424.13881
"Kenya","Switzerland","7108","kg",13.718,"g",13718,636256.129,"w",2022-05-01,59424.13881
"Kenya","South Africa","710813","kg",45.873,"g",45873.2,2321886.746,"b",2022-05-01,59424.13881
"Kenya","Switzerland","710813","kg",13.718,"g",13718,636256.129,"w",2022-05-01,59424.13881
"South Africa","Botswana","7108",NA,NA,NA,NA,359.662,NA,2022-05-01,59424.13881
"South Africa","Areas, nes","7108","kg",7926.41,"kg",7926.41,469833029.337,NA,2022-05-01,59424.13881
"South Africa","Botswana","710811",NA,NA,"kg",20,359.662,NA,2022-05-01,59424.13881
"South Africa","Areas, nes","710813","kg",7926.41,"kg",7926.41,469833029.337,NA,2022-05-01,59424.13881
"Kenya","Rep. of Korea","7108","kg",10,"g",10000,584340.192,"w",2022-06-01,58957.95366
"Kenya","Slovenia","7108","kg",0.156,"g",155.6,8411.214,"w",2022-06-01,58957.95366
"Kenya","South Africa","7108","kg",34.525,"g",34525.2,1727360.631,"b",2022-06-01,58957.95366
"Kenya","Switzerland","7108","kg",10.478,"g",10478,460323.962,"w",2022-06-01,58957.95366
"Kenya","Turkey","7108","kg",0.036,"g",36.1,2063.693,"w",2022-06-01,58957.95366
"Kenya","Rep. of Korea","710812","kg",10,"g",10000,584340.192,"w",2022-06-01,58957.95366
"Kenya","Slovenia","710812","kg",0.156,"g",155.6,8411.214,"w",2022-06-01,58957.95366
"Kenya","Turkey","710812","kg",0.036,"g",36.1,2063.693,"w",2022-06-01,58957.95366
"Kenya","South Africa","710813","kg",34.525,"g",34525.2,1727360.631,"b",2022-06-01,58957.95366
"Kenya","Switzerland","710813","kg",10.478,"g",10478,460323.962,"w",2022-06-01,58957.95366
"South Africa","Namibia","7108","kg",4,"kg",4,10345.405,NA,2022-06-01,58957.95366
"South Africa","Eswatini","7108",NA,NA,NA,NA,96.822,NA,2022-06-01,58957.95366
"South Africa","Areas, nes","7108","kg",10704.3,"kg",10704.3,632573454.177,NA,2022-06-01,58957.95366
"South Africa","Namibia","710813","kg",4,"kg",4,10345.405,NA,2022-06-01,58957.95366
"South Africa","Eswatini","710813",NA,NA,"kg",4.19,96.822,NA,2022-06-01,58957.95366
"South Africa","Areas, nes","710813","kg",10704.3,"kg",10704.3,632573454.177,NA,2022-06-01,58957.95366
"Kenya","Germany","7108","kg",0.16,"g",160.3,7902.465,"w",2022-07-01,55826.47548
"Kenya","Nigeria","7108","kg",1,"g",1000,55022.734,NA,2022-07-01,55826.47548
"Kenya","South Africa","7108","kg",109.393,"g",109393,5257310.627,"b",2022-07-01,55826.47548
"Kenya","United Arab Emirates","7108","kg",16.664,"g",16664,673891.944,NA,2022-07-01,55826.47548
"Kenya","Germany","710812","kg",0.16,"g",160.3,7902.465,"w",2022-07-01,55826.47548
"Kenya","Nigeria","710812","kg",1,"g",1000,55022.734,NA,2022-07-01,55826.47548
"Kenya","United Arab Emirates","710812","kg",2.088,"g",2088,96941.04,NA,2022-07-01,55826.47548
"Kenya","South Africa","710813","kg",109.393,"g",109393,5257310.627,"b",2022-07-01,55826.47548
"Kenya","United Arab Emirates","710813","kg",14.576,"g",14576,576950.904,NA,2022-07-01,55826.47548
"South Africa","Namibia","7108","kg",3,"kg",3,3103.987,NA,2022-07-01,55826.47548
"South Africa","Eswatini","7108",NA,NA,NA,NA,20.777,NA,2022-07-01,55826.47548
"South Africa","Areas, nes","7108","kg",8751.22,"kg",8751.22,493909481.637,NA,2022-07-01,55826.47548
"South Africa","Namibia","710811","kg",3,"kg",3,3103.987,NA,2022-07-01,55826.47548
"South Africa","Eswatini","710813",NA,NA,"kg",10,20.777,NA,2022-07-01,55826.47548
"South Africa","Areas, nes","710813","kg",8751.22,"kg",8751.22,493909481.637,NA,2022-07-01,55826.47548
"Kenya","South Africa","7108","kg",36.661,"g",36661.3,1691054.464,"b",2022-08-01,56768.49099
"Kenya","United Arab Emirates","7108","kg",5.038,"g",5038,215790.554,NA,2022-08-01,56768.49099
"Kenya","United Arab Emirates","710812","kg",1,"g",1000,37220.704,NA,2022-08-01,56768.49099
"Kenya","South Africa","710813","kg",36.661,"g",36661.3,1691054.464,"b",2022-08-01,56768.49099
"Kenya","United Arab Emirates","710813","kg",4.038,"g",4038,178569.85,NA,2022-08-01,56768.49099
"South Africa","Namibia","7108","kg",4.84,"kg",4.84,12655.336,NA,2022-08-01,56768.49099
"South Africa","Areas, nes","7108","kg",5496.74,"kg",5496.74,311816363.075,NA,2022-08-01,56768.49099
"South Africa","Namibia","710811","kg",4.84,"kg",4.84,12655.336,NA,2022-08-01,56768.49099
"South Africa","Areas, nes","710813","kg",5496.74,"kg",5496.74,311816363.075,NA,2022-08-01,56768.49099
"Kenya","South Africa","7108","kg",67.352,"g",67352.2,3051844.382,"b",2022-09-01,54109.6281
"Kenya","Spain","7108","kg",1,"g",1000,52039.072,"w",2022-09-01,54109.6281
"Kenya","United Arab Emirates","7108","kg",16.896,"g",16896,655209.159,NA,2022-09-01,54109.6281
"Kenya","Spain","710812","kg",1,"g",1000,52039.072,"w",2022-09-01,54109.6281
"Kenya","South Africa","710813","kg",67.352,"g",67352.2,3051844.382,"b",2022-09-01,54109.6281
"Kenya","United Arab Emirates","710813","kg",16.896,"g",16896,655209.159,NA,2022-09-01,54109.6281
"South Africa","Namibia","7108","kg",35.68,"kg",35.68,91828.9,NA,2022-09-01,54109.6281
"South Africa","Eswatini","7108",NA,NA,NA,NA,69.63,NA,2022-09-01,54109.6281
"South Africa","Areas, nes","7108","kg",7610.34,"kg",7610.34,410757225.998,NA,2022-09-01,54109.6281
"South Africa","Namibia","710811","kg",35.68,"kg",35.68,91828.9,NA,2022-09-01,54109.6281
"South Africa","Eswatini","710812",NA,NA,"kg",5,69.63,NA,2022-09-01,54109.6281
"South Africa","Areas, nes","710813","kg",7610.34,"kg",7610.34,410757225.998,NA,2022-09-01,54109.6281
"Kenya","United Arab Emirates","7108","kg",17.538,"g",17538,646262.435,NA,2022-10-01,53514.84015
"Kenya","United Arab Emirates","710812","kg",1.5,"g",1500,71961.846,NA,2022-10-01,53514.84015
"Kenya","United Arab Emirates","710813","kg",16.038,"g",16038,574300.59,NA,2022-10-01,53514.84015
"South Africa","Namibia","7108",NA,NA,NA,NA,23084.814,NA,2022-10-01,53514.84015
"South Africa","Areas, nes","7108","kg",8562.22,"kg",8562.22,457188800.46,NA,2022-10-01,53514.84015
"South Africa","Namibia","710811",NA,NA,"kg",8,23084.814,NA,2022-10-01,53514.84015
"South Africa","Areas, nes","710813","kg",8562.22,"kg",8562.22,457188800.46,NA,2022-10-01,53514.84015
"Kenya","Paraguay","7108","kg",0.5,"g",500,438.716,NA,2022-11-01,55508.18355
"Kenya","South Africa","7108","kg",50.447,"g",50446.6,2305736.126,"b",2022-11-01,55508.18355
"Kenya","United Arab Emirates","7108","kg",14.594,"g",14594,560912.067,NA,2022-11-01,55508.18355
"Kenya","Paraguay","710812","kg",0.5,"g",500,438.716,NA,2022-11-01,55508.18355
"Kenya","United Arab Emirates","710812","kg",1,"g",1000,49325.555,NA,2022-11-01,55508.18355
"Kenya","South Africa","710813","kg",50.447,"g",50446.6,2305736.126,"b",2022-11-01,55508.18355
"Kenya","United Arab Emirates","710813","kg",13.594,"g",13594,511586.512,NA,2022-11-01,55508.18355
"South Africa","Namibia","7108","kg",2,"kg",2,3042.344,NA,2022-11-01,55508.18355
"South Africa","Areas, nes","7108","kg",6521.5,"kg",6521.5,360188858.616,NA,2022-11-01,55508.18355
"South Africa","Namibia","710811","kg",1,"kg",1,1314.617,NA,2022-11-01,55508.18355
"South Africa","Namibia","710813","kg",1,"kg",1,1727.727,NA,2022-11-01,55508.18355
"South Africa","Areas, nes","710813","kg",6521.5,"kg",6521.5,360188858.616,NA,2022-11-01,55508.18355
"Kenya","Italy","7108","kg",1,"g",1000,45983.782,"w",2022-12-01,57765.16269
"Kenya","Rep. of Korea","7108","kg",1,"g",1000,46490.974,"w",2022-12-01,57765.16269
"Kenya","South Africa","7108","kg",23.014,"g",23014.1,1136544.719,"b",2022-12-01,57765.16269
"Kenya","United Arab Emirates","7108","kg",7.564,"g",7564,357469.823,NA,2022-12-01,57765.16269
"Kenya","Italy","710812","kg",1,"g",1000,45983.782,"w",2022-12-01,57765.16269
"Kenya","Rep. of Korea","710812","kg",1,"g",1000,46490.974,"w",2022-12-01,57765.16269
"Kenya","South Africa","710813","kg",23.014,"g",23014.1,1136544.719,"b",2022-12-01,57765.16269
"Kenya","United Arab Emirates","710813","kg",7.564,"g",7564,357469.823,NA,2022-12-01,57765.16269
"South Africa","Botswana","7108",NA,NA,NA,NA,115.382,NA,2022-12-01,57765.16269
"South Africa","Namibia","7108","kg",1.94,"kg",1.94,5796.876,NA,2022-12-01,57765.16269
"South Africa","Areas, nes","7108","kg",8096.81,"kg",8096.81,461783319.989,NA,2022-12-01,57765.16269
"South Africa","Namibia","710811","kg",0.94,"kg",0.94,4156.067,NA,2022-12-01,57765.16269
"South Africa","Botswana","710812",NA,NA,"kg",450,115.382,NA,2022-12-01,57765.16269
"South Africa","Namibia","710813","kg",1,"kg",1,1640.809,NA,2022-12-01,57765.16269
"South Africa","Areas, nes","710813","kg",8096.81,"kg",8096.81,461783319.989,NA,2022-12-01,57765.16269
"Kenya","South Africa","7108","kg",35.227,"g",35226.7,1820840.551,"b",2023-01-01,61041.31902
"Kenya","South Africa","710813","kg",35.227,"g",35226.7,1820840.551,"b",2023-01-01,61041.31902
"South Africa","Areas, nes","7108","kg",235794,"kg",235794,438220240.182,NA,2023-01-01,61041.31902
"South Africa","Areas, nes","710813","kg",235794,"kg",235794,438220240.182,NA,2023-01-01,61041.31902
"Kenya","South Africa","7108","kg",34.958,"g",34957.8,1697957.99,"b",2023-02-01,59623.47315
"Kenya","United Arab Emirates","7108","kg",2,"g",2000,81823.246,NA,2023-02-01,59623.47315
"Kenya","United Arab Emirates","710812","kg",2,"g",2000,81823.246,NA,2023-02-01,59623.47315
"Kenya","South Africa","710813","kg",34.958,"g",34957.8,1697957.99,"b",2023-02-01,59623.47315
"South Africa","Areas, nes","7108","kg",7348.16,"kg",7348.16,435802039.503,NA,2023-02-01,59623.47315
"South Africa","Areas, nes","710813","kg",7348.16,"kg",7348.16,435802039.503,NA,2023-02-01,59623.47315
"Kenya","South Africa","7108","kg",34.98,"g",34980,1744543.982,"b",2023-03-01,61494.64389
"Kenya","United Arab Emirates","7108","kg",10.74,"g",10740,530464.982,NA,2023-03-01,61494.64389
"Kenya","South Africa","710813","kg",34.98,"g",34980,1744543.982,"b",2023-03-01,61494.64389
"Kenya","United Arab Emirates","710813","kg",10.74,"g",10740,530464.982,NA,2023-03-01,61494.64389
"South Africa","Namibia","7108",NA,NA,NA,NA,73.011,NA,2023-03-01,61494.64389
"South Africa","Areas, nes","7108","kg",13333.3,"kg",13333.3,808139520.225,NA,2023-03-01,61494.64389
"South Africa","Namibia","710813",NA,NA,"kg",10,73.011,NA,2023-03-01,61494.64389
"South Africa","Areas, nes","710813","kg",13333.3,"kg",13333.3,808139520.225,NA,2023-03-01,61494.64389
"South Africa","Namibia","7108","kg",0.78,"kg",0.78,297.779,NA,2023-04-01,64314.26028
"South Africa","Eswatini","7108",NA,NA,NA,NA,91.045,NA,2023-04-01,64314.26028
"South Africa","Areas, nes","7108","kg",8669.11,"kg",8669.11,553458665.522,NA,2023-04-01,64314.26028
"South Africa","Eswatini","710811",NA,NA,"kg",5,18.374,NA,2023-04-01,64314.26028
"South Africa","Eswatini","710812",NA,NA,"kg",2,72.671,NA,2023-04-01,64314.26028
"South Africa","Namibia","710813","kg",0.78,"kg",0.78,297.779,NA,2023-04-01,64314.26028
"South Africa","Areas, nes","710813","kg",8669.11,"kg",8669.11,553458665.522,NA,2023-04-01,64314.26028
"Kenya","South Africa","7108","kg",83.329,"g",83329.1,4298996.195,"b",2023-05-01,63986.32314
"Kenya","South Africa","710813","kg",83.329,"g",83329.1,4298996.195,"b",2023-05-01,63986.32314
"South Africa","Namibia","7108","kg",4.62,"kg",4.62,3276.669,NA,2023-05-01,63986.32314
"South Africa","Areas, nes","7108","kg",5195.2,"kg",5195.2,326551253.096,NA,2023-05-01,63986.32314
"South Africa","Namibia","710813","kg",4.62,"kg",4.62,3276.669,NA,2023-05-01,63986.32314
"South Africa","Areas, nes","710813","kg",5195.2,"kg",5195.2,326551253.096,NA,2023-05-01,63986.32314
"South Africa","Botswana","7108",NA,NA,NA,NA,359.245,NA,2023-06-01,62465.59503
"South Africa","Areas, nes","7108","kg",6250.51,"kg",6250.51,390228950.748,NA,2023-06-01,62465.59503
"South Africa","Botswana","710811",NA,NA,"kg",101,359.245,NA,2023-06-01,62465.59503
"South Africa","Areas, nes","710813","kg",6250.51,"kg",6250.51,390228950.748,NA,2023-06-01,62465.59503
"Kenya","South Africa","7108","kg",37.638,"g",37637.9,1942007.94,"b",2023-07-01,62658.49923
"Kenya","South Africa","710813","kg",37.638,"g",37637.9,1942007.94,"b",2023-07-01,62658.49923
"South Africa","Areas, nes","7108","kg",10837.5,"kg",10837.5,678884219.264,NA,2023-07-01,62658.49923
"South Africa","Areas, nes","710813","kg",10837.5,"kg",10837.5,678884219.264,NA,2023-07-01,62658.49923
"Kenya","South Africa","7108","kg",107.711,"g",107711,5403103.955,"b",2023-08-01,61729.344
"Kenya","United Arab Emirates","7108","kg",2.9,"g",2900,170903.019,NA,2023-08-01,61729.344
"Kenya","United Arab Emirates","710812","kg",2.9,"g",2900,170903.019,NA,2023-08-01,61729.344
"Kenya","South Africa","710813","kg",107.711,"g",107711,5403103.955,"b",2023-08-01,61729.344
"South Africa","Lesotho","7108",NA,NA,NA,NA,10.611,NA,2023-08-01,61729.344
"South Africa","Areas, nes","7108","kg",8308.79,"kg",8308.79,511454716.769,NA,2023-08-01,61729.344
"South Africa","Lesotho","710813",NA,NA,"kg",2,10.611,NA,2023-08-01,61729.344
"South Africa","Areas, nes","710813","kg",8308.79,"kg",8308.79,511454716.769,NA,2023-08-01,61729.344
"Kenya","Japan","7108","kg",1.984,"g",1984,123583.727,"w",2023-09-01,61632.8919
"Kenya","Japan","710812","kg",1.984,"g",1984,123583.727,"w",2023-09-01,61632.8919
"South Africa","Areas, nes","7108","kg",8576.93,"kg",8576.93,526207730.795,NA,2023-09-01,61632.8919
"South Africa","Areas, nes","710813","kg",8576.93,"kg",8576.93,526207730.795,NA,2023-09-01,61632.8919
"Kenya","South Africa","7108","kg",37.966,"g",37966.4,1815409.903,"b",2023-10-01,61504.2891
"Kenya","United Arab Emirates","7108","kg",0.367,"g",366.7,13453.071,NA,2023-10-01,61504.2891
"Kenya","South Africa","710813","kg",37.966,"g",37966.4,1815409.903,"b",2023-10-01,61504.2891
"Kenya","United Arab Emirates","710813","kg",0.367,"g",366.7,13453.071,NA,2023-10-01,61504.2891
"South Africa","Botswana","7108",NA,NA,NA,NA,0.525,NA,2023-10-01,61504.2891
"South Africa","Namibia","7108",NA,NA,NA,NA,0.525,NA,2023-10-01,61504.2891
"South Africa","Eswatini","7108",NA,NA,NA,NA,151.066,NA,2023-10-01,61504.2891
"South Africa","Areas, nes","7108","kg",8555.38,"kg",8555.38,519020569.559,NA,2023-10-01,61504.2891
"South Africa","Botswana","710811",NA,NA,"kg",1,0.525,NA,2023-10-01,61504.2891
"South Africa","Namibia","710811",NA,NA,"kg",1,0.525,NA,2023-10-01,61504.2891
"South Africa","Eswatini","710812",NA,NA,"kg",12,151.066,NA,2023-10-01,61504.2891
"South Africa","Areas, nes","710813","kg",8555.38,"kg",8555.38,519020569.559,NA,2023-10-01,61504.2891
"Kenya","China","7108",NA,NA,NA,NA,206073.694,"b",2023-11-01,63828.78471
"Kenya","China, Hong Kong SAR","7108","kg",25,"g",25000,941497.233,"b",2023-11-01,63828.78471
"Kenya","South Africa","7108","kg",90.178,"g",90177.8,4784947.207,"b",2023-11-01,63828.78471
"Kenya","United Arab Emirates","7108","kg",7.912,"g",7912,430986.148,NA,2023-11-01,63828.78471
"Kenya","China","710812",NA,NA,"g",4066000,206073.694,"b",2023-11-01,63828.78471
"Kenya","China, Hong Kong SAR","710812","kg",25,"g",25000,941497.233,"b",2023-11-01,63828.78471
"Kenya","United Arab Emirates","710812","kg",7.912,"g",7912,430986.148,NA,2023-11-01,63828.78471
"Kenya","South Africa","710813","kg",90.178,"g",90177.8,4784947.207,"b",2023-11-01,63828.78471
"South Africa","Areas, nes","7108","kg",10728.8,"kg",10728.8,677126779.889,NA,2023-11-01,63828.78471
"South Africa","Areas, nes","710813","kg",10728.8,"kg",10728.8,677126779.889,NA,2023-11-01,63828.78471
"Kenya","South Africa","7108","kg",31.444,"g",31443.5,1608112.417,"b",2023-12-01,65243.41551
"Kenya","United Arab Emirates","7108","kg",102.92,"g",102920,4867698.851,NA,2023-12-01,65243.41551
"Kenya","United Arab Emirates","710812","kg",102.92,"g",102920,4867698.851,NA,2023-12-01,65243.41551
"Kenya","South Africa","710813","kg",31.444,"g",31443.5,1608112.417,"b",2023-12-01,65243.41551
"South Africa","Areas, nes","7108","kg",6746.09,"kg",6746.09,431829965.02,NA,2023-12-01,65243.41551
"South Africa","Areas, nes","710813","kg",6746.09,"kg",6746.09,431829965.02,NA,2023-12-01,65243.41551
