typeCode,freqCode,refPeriodId,refYear,refMonth,period,reporterCode,reporterISO,reporterDesc,flowCode,flowDesc,partnerCode,partnerISO,partnerDesc,partner2Code,partner2ISO,partner2Desc,classificationCode,classificationSearchCode,isOriginalClassification,cmdCode,cmdDesc,aggrLevel,isLeaf,customsCode,customsDesc,mosCode,motCode,motDesc,qtyUnitCode,qtyUnitAbbr,qty,isQtyEstimated,altQtyUnitCode,altQtyUnitAbbr,altQty,isAltQtyEstimated,netWgt,isNetWgtEstimated,grossWgt,isGrossWgtEstimated,cifvalue,fobvalue,primaryValue,legacyEstimationFlag,isReported,isAggregate
C,A,20170101,2017,52,2017,404,KEN,Kenya,X,Export,0,W00,World,0,W00,World,H4,HS,true,710813,"Metals; gold, semi-manufactured",6,true,C00,TOTAL CPC,0,0,TOTAL MOT,8,kg,396344,false,15,g,52283402,false,396344,false,,false,,12498920.908,12498920.908,0,false,true
C,A,20170101,2017,52,2017,404,KEN,Kenya,X,Export,710,ZAF,South Africa,0,W00,World,H4,HS,true,710813,"Metals; gold, semi-manufactured",6,true,C00,TOTAL CPC,0,0,TOTAL MOT,8,kg,281880,false,15,g,46435680,false,281880,false,,false,,8831633.031,8831633.031,0,true,false
C,A,20170101,2017,52,2017,404,KEN,Kenya,X,Export,757,CHE,Switzerland,0,W00,World,H4,HS,true,710813,"Metals; gold, semi-manufactured",6,true,C00,TOTAL CPC,0,0,TOTAL MOT,8,kg,114464,false,15,g,5847722,false,114464,false,,false,,3667287.877,3667287.877,0,true,false
C,A,20170101,2017,52,2017,710,ZAF,South Africa,X,Export,0,W00,World,0,W00,World,H5,HS,true,710811,"Metals; gold, non-monetary, powder",6,true,C00,TOTAL CPC,0,0,TOTAL MOT,-1,N/A,0,true,8,kg,46,false,0,true,0,false,0,327.119,327.119,6,false,true
C,A,20170101,2017,52,2017,710,ZAF,South Africa,X,Export,426,LSO,Lesotho,0,W00,World,H5,HS,true,710811,"Metals; gold, non-monetary, powder",6,true,C00,TOTAL CPC,0,0,TOTAL MOT,-1,N/A,0,true,8,kg,25,false,0,true,0,false,0,11.86,11.86,6,false,true
C,A,20170101,2017,52,2017,710,ZAF,South Africa,X,Export,516,NAM,Namibia,0,W00,World,H5,HS,true,710811,"Metals; gold, non-monetary, powder",6,true,C00,TOTAL CPC,0,0,TOTAL MOT,-1,N/A,0,true,8,kg,21,false,0,true,0,false,0,315.259,315.259,6,false,true
C,A,20170101,2017,52,2017,710,ZAF,South Africa,X,Export,0,W00,World,0,W00,World,H5,HS,true,7108,"Gold (including gold plated with platinum) unwrought or in semi-manufactured forms, or in powder form",4,false,C00,TOTAL CPC,0,0,TOTAL MOT,-1,N/A,0,true,-1,N/A,0,false,0,true,0,false,0,4984982037.497,4984982037.497,6,false,true
C,A,20170101,2017,52,2017,710,ZAF,South Africa,X,Export,426,LSO,Lesotho,0,W00,World,H5,HS,true,7108,"Gold (including gold plated with platinum) unwrought or in semi-manufactured forms, or in powder form",4,false,C00,TOTAL CPC,0,0,TOTAL MOT,-1,N/A,0,true,-1,N/A,0,false,0,true,0,false,0,11.86,11.86,6,false,true
C,A,20170101,2017,52,2017,710,ZAF,South Africa,X,Export,516,NAM,Namibia,0,W00,World,H5,HS,true,7108,"Gold (including gold plated with platinum) unwrought or in semi-manufactured forms, or in powder form",4,false,C00,TOTAL CPC,0,0,TOTAL MOT,-1,N/A,0,true,-1,N/A,0,false,0,true,0,false,0,49387.433,49387.433,6,false,true
C,A,20170101,2017,52,2017,710,ZAF,South Africa,X,Export,748,SWZ,Eswatini,0,W00,World,H5,HS,true,7108,"Gold (including gold plated with platinum) unwrought or in semi-manufactured forms, or in powder form",4,false,C00,TOTAL CPC,0,0,TOTAL MOT,-1,N/A,0,true,-1,N/A,0,false,0,true,0,false,0,272.699,272.699,6,false,true
C,A,20170101,2017,52,2017,710,ZAF,South Africa,X,Export,899,_X ,"Areas, nes",0,W00,World,H5,HS,true,7108,"Gold (including gold plated with platinum) unwrought or in semi-manufactured forms, or in powder form",4,false,C00,TOTAL CPC,0,0,TOTAL MOT,8,kg,127333.5,false,8,kg,127333.5,false,127333.5,false,0,false,0,4984932365.505,4984932365.505,0,false,true
C,A,20170101,2017,52,2017,710,ZAF,South Africa,X,Export,0,W00,World,0,W00,World,H5,HS,true,710813,"Metals; gold, semi-manufactured",6,true,C00,TOTAL CPC,0,0,TOTAL MOT,-1,N/A,0,true,8,kg,127424.08,false,0,true,0,false,0,4984980135.809,4984980135.809,6,false,true
C,A,20170101,2017,52,2017,710,ZAF,South Africa,X,Export,516,NAM,Namibia,0,W00,World,H5,HS,true,710813,"Metals; gold, semi-manufactured",6,true,C00,TOTAL CPC,0,0,TOTAL MOT,8,kg,24.592,true,8,kg,38.68,false,24.592,true,0,false,0,47702.749,47702.749,6,false,true
C,A,20170101,2017,52,2017,710,ZAF,South Africa,X,Export,748,SWZ,Eswatini,0,W00,World,H5,HS,true,710813,"Metals; gold, semi-manufactured",6,true,C00,TOTAL CPC,0,0,TOTAL MOT,-1,N/A,0,true,8,kg,51.9,false,0,true,0,false,0,67.556,67.556,6,false,true
C,A,20170101,2017,52,2017,710,ZAF,South Africa,X,Export,899,_X ,"Areas, nes",0,W00,World,H5,HS,true,710813,"Metals; gold, semi-manufactured",6,true,C00,TOTAL CPC,0,0,TOTAL MOT,8,kg,127333.5,false,8,kg,127333.5,false,127333.5,false,0,false,0,4984932365.505,4984932365.505,0,false,true
C,A,20170101,2017,52,2017,404,KEN,Kenya,X,Export,0,W00,World,0,W00,World,H4,HS,true,7108,"Gold (including gold plated with platinum) unwrought or in semi-manufactured forms, or in powder form",4,false,C00,TOTAL CPC,0,0,TOTAL MOT,8,kg,396375,false,15,g,52315648,false,396375,false,,false,,13088382.429,13088382.429,0,false,true
C,A,20170101,2017,52,2017,404,KEN,Kenya,X,Export,344,HKG,"China, Hong Kong SAR",0,W00,World,H4,HS,true,7108,"Gold (including gold plated with platinum) unwrought or in semi-manufactured forms, or in powder form",4,false,C00,TOTAL CPC,0,0,TOTAL MOT,8,kg,2,false,15,g,1246,false,2,false,,false,,44734.057,44734.057,0,false,true
C,A,20170101,2017,52,2017,404,KEN,Kenya,X,Export,380,ITA,Italy,0,W00,World,H4,HS,true,7108,"Gold (including gold plated with platinum) unwrought or in semi-manufactured forms, or in powder form",4,false,C00,TOTAL CPC,0,0,TOTAL MOT,8,kg,1,false,15,g,3000,false,1,false,,false,,9060.156,9060.156,0,false,true
C,A,20170101,2017,52,2017,404,KEN,Kenya,X,Export,710,ZAF,South Africa,0,W00,World,H4,HS,true,7108,"Gold (including gold plated with platinum) unwrought or in semi-manufactured forms, or in powder form",4,false,C00,TOTAL CPC,0,0,TOTAL MOT,8,kg,281880,false,15,g,46435680,false,281880,false,,false,,8831633.031,8831633.031,0,false,true
C,A,20170101,2017,52,2017,404,KEN,Kenya,X,Export,748,SWZ,Eswatini,0,W00,World,H4,HS,true,7108,"Gold (including gold plated with platinum) unwrought or in semi-manufactured forms, or in powder form",4,false,C00,TOTAL CPC,0,0,TOTAL MOT,8,kg,1,false,15,g,1000,false,1,false,,false,,8213.228,8213.228,0,false,true
C,A,20170101,2017,52,2017,404,KEN,Kenya,X,Export,757,CHE,Switzerland,0,W00,World,H4,HS,true,7108,"Gold (including gold plated with platinum) unwrought or in semi-manufactured forms, or in powder form",4,false,C00,TOTAL CPC,0,0,TOTAL MOT,8,kg,114464,false,15,g,5847722,false,114464,false,,false,,3667287.877,3667287.877,0,false,true
C,A,20170101,2017,52,2017,404,KEN,Kenya,X,Export,784,ARE,United Arab Emirates,0,W00,World,H4,HS,true,7108,"Gold (including gold plated with platinum) unwrought or in semi-manufactured forms, or in powder form",4,false,C00,TOTAL CPC,0,0,TOTAL MOT,8,kg,27,false,15,g,27000,false,27,false,,false,,527454.08,527454.08,0,false,true
C,A,20170101,2017,52,2017,710,ZAF,South Africa,X,Export,0,W00,World,0,W00,World,H5,HS,true,710812,"Metals; gold, non-monetary, unwrought (but not powder)",6,true,C00,TOTAL CPC,0,0,TOTAL MOT,-1,N/A,0,true,8,kg,7,false,0,true,0,false,0,1574.569,1574.569,6,false,true
C,A,20170101,2017,52,2017,710,ZAF,South Africa,X,Export,516,NAM,Namibia,0,W00,World,H5,HS,true,710812,"Metals; gold, non-monetary, unwrought (but not powder)",6,true,C00,TOTAL CPC,0,0,TOTAL MOT,8,kg,1.025,true,8,kg,2,false,1.025,true,0,false,0,1369.425,1369.425,6,false,true
C,A,20170101,2017,52,2017,710,ZAF,South Africa,X,Export,748,SWZ,Eswatini,0,W00,World,H5,HS,true,710812,"Metals; gold, non-monetary, unwrought (but not powder)",6,true,C00,TOTAL CPC,0,0,TOTAL MOT,-1,N/A,0,true,8,kg,5,false,0,true,0,false,0,205.144,205.144,6,false,true
C,A,20170101,2017,52,2017,404,KEN,Kenya,X,Export,0,W00,World,0,W00,World,H4,HS,true,710812,"Metals; gold, non-monetary, unwrought (but not powder)",6,true,C00,TOTAL CPC,0,0,TOTAL MOT,8,kg,31,false,15,g,32246,false,31,false,,false,,589461.521,589461.521,0,false,true
C,A,20170101,2017,52,2017,404,KEN,Kenya,X,Export,344,HKG,"China, Hong Kong SAR",0,W00,World,H4,HS,true,710812,"Metals; gold, non-monetary, unwrought (but not powder)",6,true,C00,TOTAL CPC,0,0,TOTAL MOT,8,kg,2,false,15,g,1246,false,2,false,,false,,44734.057,44734.057,0,true,false
C,A,20170101,2017,52,2017,404,KEN,Kenya,X,Export,380,ITA,Italy,0,W00,World,H4,HS,true,710812,"Metals; gold, non-monetary, unwrought (but not powder)",6,true,C00,TOTAL CPC,0,0,TOTAL MOT,8,kg,1,false,15,g,3000,false,1,false,,false,,9060.156,9060.156,0,true,false
C,A,20170101,2017,52,2017,404,KEN,Kenya,X,Export,748,SWZ,Eswatini,0,W00,World,H4,HS,true,710812,"Metals; gold, non-monetary, unwrought (but not powder)",6,true,C00,TOTAL CPC,0,0,TOTAL MOT,8,kg,1,false,15,g,1000,false,1,false,,false,,8213.228,8213.228,0,true,false
C,A,20170101,2017,52,2017,404,KEN,Kenya,X,Export,784,ARE,United Arab Emirates,0,W00,World,H4,HS,true,710812,"Metals; gold, non-monetary, unwrought (but not powder)",6,true,C00,TOTAL CPC,0,0,TOTAL MOT,8,kg,27,false,15,g,27000,false,27,false,,false,,527454.08,527454.08,0,true,false
C,A,20180101,2018,52,2018,404,KEN,Kenya,X,Export,0,W00,World,0,W00,World,H4,HS,true,710813,"Metals; gold, semi-manufactured",6,true,C00,TOTAL CPC,0,0,TOTAL MOT,8,kg,14295.32,false,15,g,14294471,false,,false,0,false,,11062854.48,11062854.48,0,false,true
C,A,20180101,2018,52,2018,404,KEN,Kenya,X,Export,710,ZAF,South Africa,0,W00,World,H4,HS,true,710813,"Metals; gold, semi-manufactured",6,true,C00,TOTAL CPC,0,0,TOTAL MOT,8,kg,181.386,false,15,g,181386,false,,false,0,false,,6308281.88,6308281.88,0,true,false
C,A,20180101,2018,52,2018,404,KEN,Kenya,X,Export,757,CHE,Switzerland,0,W00,World,H4,HS,true,710813,"Metals; gold, semi-manufactured",6,true,C00,TOTAL CPC,0,0,TOTAL MOT,8,kg,14112.934,false,15,g,14112934,false,,false,0,false,,4748553.249,4748553.249,0,true,false
C,A,20180101,2018,52,2018,404,KEN,Kenya,X,Export,784,ARE,United Arab Emirates,0,W00,World,H4,HS,true,710813,"Metals; gold, semi-manufactured",6,true,C00,TOTAL CPC,0,0,TOTAL MOT,8,kg,1,false,15,g,151,false,1,false,0,false,,6019.351,6019.351,0,true,false
C,A,20180101,2018,52,2018,710,ZAF,South Africa,X,Export,0,W00,World,0,W00,World,H5,HS,true,7108,"Gold (including gold plated with platinum) unwrought or in semi-manufactured forms, or in powder form",4,false,C00,TOTAL CPC,0,0,TOTAL MOT,-1,N/A,0,true,-1,N/A,0,false,150480.024,true,0,false,0,5407914857.095,5407914857.095,6,false,true
C,A,20180101,2018,52,2018,710,ZAF,South Africa,X,Export,72,BWA,Botswana,0,W00,World,H5,HS,true,7108,"Gold (including gold plated with platinum) unwrought or in semi-manufactured forms, or in powder form",4,false,C00,TOTAL CPC,0,0,TOTAL MOT,8,kg,1,false,-1,N/A,0,false,1,false,0,false,0,1889.883,1889.883,0,false,true
C,A,20180101,2018,52,2018,710,ZAF,South Africa,X,Export,516,NAM,Namibia,0,W00,World,H5,HS,true,7108,"Gold (including gold plated with platinum) unwrought or in semi-manufactured forms, or in powder form",4,false,C00,TOTAL CPC,0,0,TOTAL MOT,8,kg,161.693,true,-1,N/A,0,false,161.693,true,0,false,0,177346.189,177346.189,6,false,true
C,A,20180101,2018,52,2018,710,ZAF,South Africa,X,Export,748,SWZ,Eswatini,0,W00,World,H5,HS,true,7108,"Gold (including gold plated with platinum) unwrought or in semi-manufactured forms, or in powder form",4,false,C00,TOTAL CPC,0,0,TOTAL MOT,-1,N/A,0,true,-1,N/A,0,false,0.01,true,0,false,0,438.634,438.634,6,false,true
C,A,20180101,2018,52,2018,710,ZAF,South Africa,X,Export,899,_X ,"Areas, nes",0,W00,World,H5,HS,true,7108,"Gold (including gold plated with platinum) unwrought or in semi-manufactured forms, or in powder form",4,false,C00,TOTAL CPC,0,0,TOTAL MOT,8,kg,150317.32,false,-1,N/A,0,false,150317.32,false,0,false,0,5407735182.389,5407735182.389,0,false,true
C,A,20180101,2018,52,2018,710,ZAF,South Africa,X,Export,0,W00,World,0,W00,World,H5,HS,true,710813,"Metals; gold, semi-manufactured",6,true,C00,TOTAL CPC,0,0,TOTAL MOT,8,kg,150478.921,true,-1,N/A,0,false,150478.921,true,0,false,0,5407908644.095,5407908644.095,6,false,true
C,A,20180101,2018,52,2018,710,ZAF,South Africa,X,Export,516,NAM,Namibia,0,W00,World,H5,HS,true,710813,"Metals; gold, semi-manufactured",6,true,C00,TOTAL CPC,0,0,TOTAL MOT,8,kg,161.601,true,-1,N/A,0,false,161.601,true,0,false,0,173461.706,173461.706,6,false,true
C,A,20180101,2018,52,2018,710,ZAF,South Africa,X,Export,899,_X ,"Areas, nes",0,W00,World,H5,HS,true,710813,"Metals; gold, semi-manufactured",6,true,C00,TOTAL CPC,0,0,TOTAL MOT,8,kg,150317.32,false,-1,N/A,0,false,150317.32,false,0,false,0,5407735182.389,5407735182.389,0,false,true
C,A,20180101,2018,52,2018,404,KEN,Kenya,X,Export,0,W00,World,0,W00,World,H4,HS,true,7108,"Gold (including gold plated with platinum) unwrought or in semi-manufactured forms, or in powder form",4,false,C00,TOTAL CPC,0,0,TOTAL MOT,8,kg,14315.32,false,15,g,14310134,false,,false,0,false,,11640159.989,11640159.989,0,false,true
C,A,20180101,2018,52,2018,404,KEN,Kenya,X,Export,124,CAN,Canada,0,W00,World,H4,HS,true,7108,"Gold (including gold plated with platinum) unwrought or in semi-manufactured forms, or in powder form",4,false,C00,TOTAL CPC,0,0,TOTAL MOT,8,kg,1,false,15,g,1000,false,1,false,0,false,,37828.033,37828.033,0,false,true
C,A,20180101,2018,52,2018,404,KEN,Kenya,X,Export,344,HKG,"China, Hong Kong SAR",0,W00,World,H4,HS,true,7108,"Gold (including gold plated with platinum) unwrought or in semi-manufactured forms, or in powder form",4,false,C00,TOTAL CPC,0,0,TOTAL MOT,8,kg,7,false,15,g,7000,false,7,false,0,false,,281538.32,281538.32,0,false,true
C,A,20180101,2018,52,2018,404,KEN,Kenya,X,Export,410,KOR,Rep. of Korea,0,W00,World,H4,HS,true,7108,"Gold (including gold plated with platinum) unwrought or in semi-manufactured forms, or in powder form",4,false,C00,TOTAL CPC,0,0,TOTAL MOT,8,kg,1,false,15,g,214,false,1,false,0,false,,7483.969,7483.969,0,false,true
C,A,20180101,2018,52,2018,404,KEN,Kenya,X,Export,634,QAT,Qatar,0,W00,World,H4,HS,true,7108,"Gold (including gold plated with platinum) unwrought or in semi-manufactured forms, or in powder form",4,false,C00,TOTAL CPC,0,0,TOTAL MOT,8,kg,2,false,15,g,2000,false,2,false,0,false,,93656.013,93656.013,0,false,true
C,A,20180101,2018,52,2018,404,KEN,Kenya,X,Export,710,ZAF,South Africa,0,W00,World,H4,HS,true,7108,"Gold (including gold plated with platinum) unwrought or in semi-manufactured forms, or in powder form",4,false,C00,TOTAL CPC,0,0,TOTAL MOT,8,kg,181.386,false,15,g,181386,false,,false,0,false,,6308281.88,6308281.88,0,false,true
C,A,20180101,2018,52,2018,404,KEN,Kenya,X,Export,757,CHE,Switzerland,0,W00,World,H4,HS,true,7108,"Gold (including gold plated with platinum) unwrought or in semi-manufactured forms, or in powder form",4,false,C00,TOTAL CPC,0,0,TOTAL MOT,8,kg,14113.934,false,15,g,14113934,false,14113.934,false,0,false,,4788426.868,4788426.868,0,false,true
C,A,20180101,2018,52,2018,404,KEN,Kenya,X,Export,784,ARE,United Arab Emirates,0,W00,World,H4,HS,true,7108,"Gold (including gold plated with platinum) unwrought or in semi-manufactured forms, or in powder form",4,false,C00,TOTAL CPC,0,0,TOTAL MOT,8,kg,8,false,15,g,3600,false,8,false,0,false,,122855.931,122855.931,0,false,true
C,A,20180101,2018,52,2018,404,KEN,Kenya,X,Export,842,USA,USA,0,W00,World,H4,HS,true,7108,"Gold (including gold plated with platinum) unwrought or in semi-manufactured forms, or in powder form",4,false,C00,TOTAL CPC,0,0,TOTAL MOT,8,kg,1,false,15,g,1000,false,,false,0,false,,88.974,88.974,0,false,true
C,A,20180101,2018,52,2018,710,ZAF,South Africa,X,Export,0,W00,World,0,W00,World,H5,HS,true,710812,"Metals; gold, non-monetary, unwrought (but not powder)",6,true,C00,TOTAL CPC,0,0,TOTAL MOT,-1,N/A,0,true,-1,N/A,0,false,1.103,true,0,false,0,6213.001,6213.001,6,false,true
C,A,20180101,2018,52,2018,710,ZAF,South Africa,X,Export,72,BWA,Botswana,0,W00,World,H5,HS,true,710812,"Metals; gold, non-monetary, unwrought (but not powder)",6,true,C00,TOTAL CPC,0,0,TOTAL MOT,8,kg,1,false,-1,N/A,0,false,1,false,0,false,0,1889.883,1889.883,0,false,true
C,A,20180101,2018,52,2018,710,ZAF,South Africa,X,Export,516,NAM,Namibia,0,W00,World,H5,HS,true,710812,"Metals; gold, non-monetary, unwrought (but not powder)",6,true,C00,TOTAL CPC,0,0,TOTAL MOT,-1,N/A,0,true,-1,N/A,0,false,0.093,true,0,false,0,3884.483,3884.483,6,false,true
C,A,20180101,2018,52,2018,710,ZAF,South Africa,X,Export,748,SWZ,Eswatini,0,W00,World,H5,HS,true,710812,"Metals; gold, non-monetary, unwrought (but not powder)",6,true,C00,TOTAL CPC,0,0,TOTAL MOT,-1,N/A,0,true,-1,N/A,0,false,0.01,true,0,false,0,438.634,438.634,6,false,true
C,A,20180101,2018,52,2018,404,KEN,Kenya,X,Export,0,W00,World,0,W00,World,H4,HS,true,710812,"Metals; gold, non-monetary, unwrought (but not powder)",6,true,C00,TOTAL CPC,0,0,TOTAL MOT,8,kg,20,false,15,g,15663,false,,false,0,false,,577305.508,577305.508,0,false,true
C,A,20180101,2018,52,2018,404,KEN,Kenya,X,Export,124,CAN,Canada,0,W00,World,H4,HS,true,710812,"Metals; gold, non-monetary, unwrought (but not powder)",6,true,C00,TOTAL CPC,0,0,TOTAL MOT,8,kg,1,false,15,g,1000,false,1,false,0,false,,37828.033,37828.033,0,true,false
C,A,20180101,2018,52,2018,404,KEN,Kenya,X,Export,344,HKG,"China, Hong Kong SAR",0,W00,World,H4,HS,true,710812,"Metals; gold, non-monetary, unwrought (but not powder)",6,true,C00,TOTAL CPC,0,0,TOTAL MOT,8,kg,7,false,15,g,7000,false,7,false,0,false,,281538.32,281538.32,0,true,false
C,A,20180101,2018,52,2018,404,KEN,Kenya,X,Export,410,KOR,Rep. of Korea,0,W00,World,H4,HS,true,710812,"Metals; gold, non-monetary, unwrought (but not powder)",6,true,C00,TOTAL CPC,0,0,TOTAL MOT,8,kg,1,false,15,g,214,false,1,false,0,false,,7483.969,7483.969,0,true,false
C,A,20180101,2018,52,2018,404,KEN,Kenya,X,Export,634,QAT,Qatar,0,W00,World,H4,HS,true,710812,"Metals; gold, non-monetary, unwrought (but not powder)",6,true,C00,TOTAL CPC,0,0,TOTAL MOT,8,kg,2,false,15,g,2000,false,2,false,0,false,,93656.013,93656.013,0,true,false
C,A,20180101,2018,52,2018,404,KEN,Kenya,X,Export,757,CHE,Switzerland,0,W00,World,H4,HS,true,710812,"Metals; gold, non-monetary, unwrought (but not powder)",6,true,C00,TOTAL CPC,0,0,TOTAL MOT,8,kg,1,false,15,g,1000,false,1,false,0,false,,39873.619,39873.619,0,true,false
C,A,20180101,2018,52,2018,404,KEN,Kenya,X,Export,784,ARE,United Arab Emirates,0,W00,World,H4,HS,true,710812,"Metals; gold, non-monetary, unwrought (but not powder)",6,true,C00,TOTAL CPC,0,0,TOTAL MOT,8,kg,7,false,15,g,3449,false,7,false,0,false,,116836.58,116836.58,0,true,false
C,A,20180101,2018,52,2018,404,KEN,Kenya,X,Export,842,USA,USA,0,W00,World,H4,HS,true,710812,"Metals; gold, non-monetary, unwrought (but not powder)",6,true,C00,TOTAL CPC,0,0,TOTAL MOT,8,kg,1,false,15,g,1000,false,,false,0,false,,88.974,88.974,0,true,false
C,A,20190101,2019,52,2019,404,KEN,Kenya,X,Export,0,W00,World,0,W00,World,H5,HS,true,7108,"Gold (including gold plated with platinum) unwrought or in semi-manufactured forms, or in powder form",4,false,C00,TOTAL CPC,0,0,TOTAL MOT,8,kg,453.986,true,-1,N/A,0,false,453.986,true,0,false,,16843465.79,16843465.79,6,false,true
C,A,20190101,2019,52,2019,404,KEN,Kenya,X,Export,251,FRA,France,0,W00,World,H5,HS,true,7108,"Gold (including gold plated with platinum) unwrought or in semi-manufactured forms, or in powder form",4,false,C00,TOTAL CPC,0,0,TOTAL MOT,8,kg,0.1,false,15,g,100,false,0.1,false,0,false,,4339.29,4339.29,0,false,true
C,A,20190101,2019,52,2019,404,KEN,Kenya,X,Export,276,DEU,Germany,0,W00,World,H5,HS,true,7108,"Gold (including gold plated with platinum) unwrought or in semi-manufactured forms, or in powder form",4,false,C00,TOTAL CPC,0,0,TOTAL MOT,8,kg,2,false,-1,N/A,0,false,2,false,0,false,,38278.48,38278.48,0,false,true
C,A,20190101,2019,52,2019,404,KEN,Kenya,X,Export,344,HKG,"China, Hong Kong SAR",0,W00,World,H5,HS,true,7108,"Gold (including gold plated with platinum) unwrought or in semi-manufactured forms, or in powder form",4,false,C00,TOTAL CPC,0,0,TOTAL MOT,8,kg,16.112,false,15,g,16112,false,16.112,false,0,false,,257955.52,257955.52,0,false,true
C,A,20190101,2019,52,2019,404,KEN,Kenya,X,Export,410,KOR,Rep. of Korea,0,W00,World,H5,HS,true,7108,"Gold (including gold plated with platinum) unwrought or in semi-manufactured forms, or in powder form",4,false,C00,TOTAL CPC,0,0,TOTAL MOT,8,kg,2,false,8,kg,2,false,2,false,0,false,,910.28,910.28,0,false,true
C,A,20190101,2019,52,2019,404,KEN,Kenya,X,Export,512,OMN,Oman,0,W00,World,H5,HS,true,7108,"Gold (including gold plated with platinum) unwrought or in semi-manufactured forms, or in powder form",4,false,C00,TOTAL CPC,0,0,TOTAL MOT,8,kg,1,false,15,g,1000,false,1,false,0,false,,21584.68,21584.68,0,false,true
C,A,20190101,2019,52,2019,404,KEN,Kenya,X,Export,634,QAT,Qatar,0,W00,World,H5,HS,true,7108,"Gold (including gold plated with platinum) unwrought or in semi-manufactured forms, or in powder form",4,false,C00,TOTAL CPC,0,0,TOTAL MOT,8,kg,1,false,15,g,1000,false,1,false,0,false,,38660.56,38660.56,0,false,true
C,A,20190101,2019,52,2019,404,KEN,Kenya,X,Export,710,ZAF,South Africa,0,W00,World,H5,HS,true,7108,"Gold (including gold plated with platinum) unwrought or in semi-manufactured forms, or in powder form",4,false,C00,TOTAL CPC,0,0,TOTAL MOT,8,kg,342.614,true,-1,N/A,0,false,342.614,true,0,false,,13343069.27,13343069.27,6,false,true
C,A,20190101,2019,52,2019,404,KEN,Kenya,X,Export,724,ESP,Spain,0,W00,World,H5,HS,true,7108,"Gold (including gold plated with platinum) unwrought or in semi-manufactured forms, or in powder form",4,false,C00,TOTAL CPC,0,0,TOTAL MOT,8,kg,3,false,8,kg,3,false,3,false,0,false,,121459.68,121459.68,0,false,true
C,A,20190101,2019,52,2019,404,KEN,Kenya,X,Export,757,CHE,Switzerland,0,W00,World,H5,HS,true,7108,"Gold (including gold plated with platinum) unwrought or in semi-manufactured forms, or in powder form",4,false,C00,TOTAL CPC,0,0,TOTAL MOT,8,kg,65.109,true,-1,N/A,0,false,65.109,true,0,false,,2246312.45,2246312.45,6,false,true
C,A,20190101,2019,52,2019,404,KEN,Kenya,X,Export,784,ARE,United Arab Emirates,0,W00,World,H5,HS,true,7108,"Gold (including gold plated with platinum) unwrought or in semi-manufactured forms, or in powder form",4,false,C00,TOTAL CPC,0,0,TOTAL MOT,8,kg,17.714,false,-1,N/A,0,false,17.714,false,0,false,,669444.47,669444.47,0,false,true
C,A,20190101,2019,52,2019,404,KEN,Kenya,X,Export,792,TUR,Türkiye,0,W00,World,H5,HS,true,7108,"Gold (including gold plated with platinum) unwrought or in semi-manufactured forms, or in powder form",4,false,C00,TOTAL CPC,0,0,TOTAL MOT,8,kg,1.051,false,15,g,1051,false,1.051,false,0,false,,21079.49,21079.49,0,false,true
C,A,20190101,2019,52,2019,404,KEN,Kenya,X,Export,826,GBR,United Kingdom,0,W00,World,H5,HS,true,7108,"Gold (including gold plated with platinum) unwrought or in semi-manufactured forms, or in powder form",4,false,C00,TOTAL CPC,0,0,TOTAL MOT,8,kg,0.286,false,15,g,286,false,0.286,false,0,false,,10491.2,10491.2,0,false,true
C,A,20190101,2019,52,2019,404,KEN,Kenya,X,Export,842,USA,USA,0,W00,World,H5,HS,true,7108,"Gold (including gold plated with platinum) unwrought or in semi-manufactured forms, or in powder form",4,false,C00,TOTAL CPC,0,0,TOTAL MOT,8,kg,2,false,15,g,2000,false,2,false,0,false,,69880.42,69880.42,0,false,true
C,A,20190101,2019,52,2019,404,KEN,Kenya,X,Export,0,W00,World,0,W00,World,H5,HS,true,710812,"Metals; gold, non-monetary, unwrought (but not powder)",6,true,C00,TOTAL CPC,0,0,TOTAL MOT,8,kg,41.263,false,-1,N/A,0,false,41.263,false,0,false,,1118719.23,1118719.23,0,false,true
C,A,20190101,2019,52,2019,404,KEN,Kenya,X,Export,251,FRA,France,0,W00,World,H5,HS,true,710812,"Metals; gold, non-monetary, unwrought (but not powder)",6,true,C00,TOTAL CPC,0,0,TOTAL MOT,8,kg,0.1,false,15,g,100,false,0.1,false,0,false,,4339.29,4339.29,0,true,false
C,A,20190101,2019,52,2019,404,KEN,Kenya,X,Export,276,DEU,Germany,0,W00,World,H5,HS,true,710812,"Metals; gold, non-monetary, unwrought (but not powder)",6,true,C00,TOTAL CPC,0,0,TOTAL MOT,8,kg,2,false,-1,N/A,0,false,2,false,0,false,,38278.48,38278.48,0,true,false
C,A,20190101,2019,52,2019,404,KEN,Kenya,X,Export,344,HKG,"China, Hong Kong SAR",0,W00,World,H5,HS,true,710812,"Metals; gold, non-monetary, unwrought (but not powder)",6,true,C00,TOTAL CPC,0,0,TOTAL MOT,8,kg,16.112,false,15,g,16112,false,16.112,false,0,false,,257955.52,257955.52,0,true,false
C,A,20190101,2019,52,2019,404,KEN,Kenya,X,Export,410,KOR,Rep. of Korea,0,W00,World,H5,HS,true,710812,"Metals; gold, non-monetary, unwrought (but not powder)",6,true,C00,TOTAL CPC,0,0,TOTAL MOT,8,kg,2,false,8,kg,2,false,2,false,0,false,,910.28,910.28,0,true,false
C,A,20190101,2019,52,2019,404,KEN,Kenya,X,Export,512,OMN,Oman,0,W00,World,H5,HS,true,710812,"Metals; gold, non-monetary, unwrought (but not powder)",6,true,C00,TOTAL CPC,0,0,TOTAL MOT,8,kg,1,false,15,g,1000,false,1,false,0,false,,21584.68,21584.68,0,true,false
C,A,20190101,2019,52,2019,404,KEN,Kenya,X,Export,634,QAT,Qatar,0,W00,World,H5,HS,true,710812,"Metals; gold, non-monetary, unwrought (but not powder)",6,true,C00,TOTAL CPC,0,0,TOTAL MOT,8,kg,1,false,15,g,1000,false,1,false,0,false,,38660.56,38660.56,0,true,false
C,A,20190101,2019,52,2019,404,KEN,Kenya,X,Export,724,ESP,Spain,0,W00,World,H5,HS,true,710812,"Metals; gold, non-monetary, unwrought (but not powder)",6,true,C00,TOTAL CPC,0,0,TOTAL MOT,8,kg,3,false,8,kg,3,false,3,false,0,false,,121459.68,121459.68,0,true,false
C,A,20190101,2019,52,2019,404,KEN,Kenya,X,Export,784,ARE,United Arab Emirates,0,W00,World,H5,HS,true,710812,"Metals; gold, non-monetary, unwrought (but not powder)",6,true,C00,TOTAL CPC,0,0,TOTAL MOT,8,kg,12.714,false,-1,N/A,0,false,12.714,false,0,false,,534079.63,534079.63,0,true,false
C,A,20190101,2019,52,2019,404,KEN,Kenya,X,Export,792,TUR,Türkiye,0,W00,World,H5,HS,true,710812,"Metals; gold, non-monetary, unwrought (but not powder)",6,true,C00,TOTAL CPC,0,0,TOTAL MOT,8,kg,1.051,false,15,g,1051,false,1.051,false,0,false,,21079.49,21079.49,0,true,false
C,A,20190101,2019,52,2019,404,KEN,Kenya,X,Export,826,GBR,United Kingdom,0,W00,World,H5,HS,true,710812,"Metals; gold, non-monetary, unwrought (but not powder)",6,true,C00,TOTAL CPC,0,0,TOTAL MOT,8,kg,0.286,false,15,g,286,false,0.286,false,0,false,,10491.2,10491.2,0,true,false
C,A,20190101,2019,52,2019,404,KEN,Kenya,X,Export,842,USA,USA,0,W00,World,H5,HS,true,710812,"Metals; gold, non-monetary, unwrought (but not powder)",6,true,C00,TOTAL CPC,0,0,TOTAL MOT,8,kg,2,false,15,g,2000,false,2,false,0,false,,69880.42,69880.42,0,true,false
C,A,20190101,2019,52,2019,404,KEN,Kenya,X,Export,0,W00,World,0,W00,World,H5,HS,true,710813,"Metals; gold, semi-manufactured",6,true,C00,TOTAL CPC,0,0,TOTAL MOT,8,kg,412.723,true,-1,N/A,0,false,412.723,true,0,false,,15724746.56,15724746.56,6,false,true
C,A,20190101,2019,52,2019,404,KEN,Kenya,X,Export,710,ZAF,South Africa,0,W00,World,H5,HS,true,710813,"Metals; gold, semi-manufactured",6,true,C00,TOTAL CPC,0,0,TOTAL MOT,8,kg,342.614,true,-1,N/A,0,false,342.614,true,0,false,,13343069.27,13343069.27,6,true,false
C,A,20190101,2019,52,2019,404,KEN,Kenya,X,Export,757,CHE,Switzerland,0,W00,World,H5,HS,true,710813,"Metals; gold, semi-manufactured",6,true,C00,TOTAL CPC,0,0,TOTAL MOT,8,kg,65.109,true,-1,N/A,0,false,65.109,true,0,false,,2246312.45,2246312.45,6,true,false
C,A,20190101,2019,52,2019,404,KEN,Kenya,X,Export,784,ARE,United Arab Emirates,0,W00,World,H5,HS,true,710813,"Metals; gold, semi-manufactured",6,true,C00,TOTAL CPC,0,0,TOTAL MOT,8,kg,5,false,15,g,5000,false,5,false,0,false,,135364.84,135364.84,0,true,false
C,A,20190101,2019,52,2019,710,ZAF,South Africa,X,Export,0,W00,World,0,W00,World,H5,HS,true,7108,"Gold (including gold plated with platinum) unwrought or in semi-manufactured forms, or in powder form",4,false,C00,TOTAL CPC,0,0,TOTAL MOT,-1,N/A,0,true,-1,N/A,0,false,105043.832,true,0,false,0,4621604216.164,4621604216.164,6,false,true
C,A,20190101,2019,52,2019,710,ZAF,South Africa,X,Export,72,BWA,Botswana,0,W00,World,H5,HS,true,7108,"Gold (including gold plated with platinum) unwrought or in semi-manufactured forms, or in powder form",4,false,C00,TOTAL CPC,0,0,TOTAL MOT,8,kg,0.1,false,-1,N/A,0,false,0.1,false,0,false,0,219.734,219.734,0,false,true
C,A,20190101,2019,52,2019,710,ZAF,South Africa,X,Export,426,LSO,Lesotho,0,W00,World,H5,HS,true,7108,"Gold (including gold plated with platinum) unwrought or in semi-manufactured forms, or in powder form",4,false,C00,TOTAL CPC,0,0,TOTAL MOT,-1,N/A,0,true,-1,N/A,0,false,0,true,0,false,0,9.133,9.133,6,false,true
C,A,20190101,2019,52,2019,710,ZAF,South Africa,X,Export,516,NAM,Namibia,0,W00,World,H5,HS,true,7108,"Gold (including gold plated with platinum) unwrought or in semi-manufactured forms, or in powder form",4,false,C00,TOTAL CPC,0,0,TOTAL MOT,8,kg,26.46,true,-1,N/A,0,false,26.46,true,0,false,0,53526.324,53526.324,6,false,true
C,A,20190101,2019,52,2019,710,ZAF,South Africa,X,Export,748,SWZ,Eswatini,0,W00,World,H5,HS,true,7108,"Gold (including gold plated with platinum) unwrought or in semi-manufactured forms, or in powder form",4,false,C00,TOTAL CPC,0,0,TOTAL MOT,-1,N/A,0,true,-1,N/A,0,false,0.671,true,0,false,0,857.349,857.349,6,false,true
C,A,20190101,2019,52,2019,710,ZAF,South Africa,X,Export,899,_X ,"Areas, nes",0,W00,World,H5,HS,true,7108,"Gold (including gold plated with platinum) unwrought or in semi-manufactured forms, or in powder form",4,false,C00,TOTAL CPC,0,0,TOTAL MOT,8,kg,105016.6,false,-1,N/A,0,false,105016.6,false,0,false,0,4621549603.625,4621549603.625,0,false,true
C,A,20190101,2019,52,2019,710,ZAF,South Africa,X,Export,0,W00,World,0,W00,World,H5,HS,true,710812,"Metals; gold, non-monetary, unwrought (but not powder)",6,true,C00,TOTAL CPC,0,0,TOTAL MOT,-1,N/A,0,true,-1,N/A,0,false,1.423,true,0,false,0,1035.433,1035.433,6,false,true
C,A,20190101,2019,52,2019,710,ZAF,South Africa,X,Export,516,NAM,Namibia,0,W00,World,H5,HS,true,710812,"Metals; gold, non-monetary, unwrought (but not powder)",6,true,C00,TOTAL CPC,0,0,TOTAL MOT,8,kg,0.76,false,-1,N/A,0,false,0.76,false,0,false,0,553.07,553.07,0,false,true
C,A,20190101,2019,52,2019,710,ZAF,South Africa,X,Export,748,SWZ,Eswatini,0,W00,World,H5,HS,true,710812,"Metals; gold, non-monetary, unwrought (but not powder)",6,true,C00,TOTAL CPC,0,0,TOTAL MOT,-1,N/A,0,true,-1,N/A,0,false,0.663,true,0,false,0,482.362,482.362,6,false,true
C,A,20190101,2019,52,2019,710,ZAF,South Africa,X,Export,0,W00,World,0,W00,World,H5,HS,true,710813,"Metals; gold, semi-manufactured",6,true,C00,TOTAL CPC,0,0,TOTAL MOT,-1,N/A,0,true,-1,N/A,0,false,105042.409,true,0,false,0,4621603180.731,4621603180.731,6,false,true
C,A,20190101,2019,52,2019,710,ZAF,South Africa,X,Export,72,BWA,Botswana,0,W00,World,H5,HS,true,710813,"Metals; gold, semi-manufactured",6,true,C00,TOTAL CPC,0,0,TOTAL MOT,8,kg,0.1,false,-1,N/A,0,false,0.1,false,0,false,0,219.734,219.734,0,false,true
C,A,20190101,2019,52,2019,710,ZAF,South Africa,X,Export,426,LSO,Lesotho,0,W00,World,H5,HS,true,710813,"Metals; gold, semi-manufactured",6,true,C00,TOTAL CPC,0,0,TOTAL MOT,-1,N/A,0,true,-1,N/A,0,false,0,true,0,false,0,9.133,9.133,6,false,true
C,A,20190101,2019,52,2019,710,ZAF,South Africa,X,Export,516,NAM,Namibia,0,W00,World,H5,HS,true,710813,"Metals; gold, semi-manufactured",6,true,C00,TOTAL CPC,0,0,TOTAL MOT,8,kg,25.7,true,-1,N/A,0,false,25.7,true,0,false,0,52973.254,52973.254,6,false,true
C,A,20190101,2019,52,2019,710,ZAF,South Africa,X,Export,748,SWZ,Eswatini,0,W00,World,H5,HS,true,710813,"Metals; gold, semi-manufactured",6,true,C00,TOTAL CPC,0,0,TOTAL MOT,-1,N/A,0,true,-1,N/A,0,false,0.009,true,0,false,0,374.986,374.986,6,false,true
C,A,20190101,2019,52,2019,710,ZAF,South Africa,X,Export,899,_X ,"Areas, nes",0,W00,World,H5,HS,true,710813,"Metals; gold, semi-manufactured",6,true,C00,TOTAL CPC,0,0,TOTAL MOT,8,kg,105016.6,false,-1,N/A,0,false,105016.6,false,0,false,0,4621549603.625,4621549603.625,0,false,true
C,A,20200101,2020,52,2020,404,KEN,Kenya,X,Export,0,W00,World,0,W00,World,H5,HS,true,7108,"Gold (including gold plated with platinum) unwrought or in semi-manufactured forms, or in powder form",4,false,C00,TOTAL CPC,0,0,TOTAL MOT,-1,N/A,0,false,-1,N/A,0,false,,false,0,false,,9719029.228,9719029.228,0,false,true
C,A,20200101,2020,52,2020,404,KEN,Kenya,X,Export,196,CYP,Cyprus,0,W00,World,H5,HS,true,7108,"Gold (including gold plated with platinum) unwrought or in semi-manufactured forms, or in powder form",4,false,C00,TOTAL CPC,0,0,TOTAL MOT,8,kg,1,false,8,kg,1,false,1,false,0,false,,50441.278,50441.278,0,false,true
C,A,20200101,2020,52,2020,404,KEN,Kenya,X,Export,231,ETH,Ethiopia,0,W00,World,H5,HS,true,7108,"Gold (including gold plated with platinum) unwrought or in semi-manufactured forms, or in powder form",4,false,C00,TOTAL CPC,0,0,TOTAL MOT,8,kg,1,false,8,kg,1,false,1,false,0,false,,35669.751,35669.751,0,false,true
C,A,20200101,2020,52,2020,404,KEN,Kenya,X,Export,344,HKG,"China, Hong Kong SAR",0,W00,World,H5,HS,true,7108,"Gold (including gold plated with platinum) unwrought or in semi-manufactured forms, or in powder form",4,false,C00,TOTAL CPC,0,0,TOTAL MOT,8,kg,48,false,8,kg,48,false,48,false,0,false,,896029.373,896029.373,0,false,true
C,A,20200101,2020,52,2020,404,KEN,Kenya,X,Export,408,PRK,Dem. People's Rep. of Korea,0,W00,World,H5,HS,true,7108,"Gold (including gold plated with platinum) unwrought or in semi-manufactured forms, or in powder form",4,false,C00,TOTAL CPC,0,0,TOTAL MOT,8,kg,1,false,8,kg,1,false,1,false,0,false,,6204.321,6204.321,0,false,true
C,A,20200101,2020,52,2020,404,KEN,Kenya,X,Export,410,KOR,Rep. of Korea,0,W00,World,H5,HS,true,7108,"Gold (including gold plated with platinum) unwrought or in semi-manufactured forms, or in powder form",4,false,C00,TOTAL CPC,0,0,TOTAL MOT,8,kg,2,false,8,kg,2,false,2,false,0,false,,47604.597,47604.597,0,false,true
C,A,20200101,2020,52,2020,404,KEN,Kenya,X,Export,710,ZAF,South Africa,0,W00,World,H5,HS,true,7108,"Gold (including gold plated with platinum) unwrought or in semi-manufactured forms, or in powder form",4,false,C00,TOTAL CPC,0,0,TOTAL MOT,-1,N/A,0,false,-1,N/A,0,false,,false,0,false,,8138314.215,8138314.215,0,false,true
C,A,20200101,2020,52,2020,404,KEN,Kenya,X,Export,784,ARE,United Arab Emirates,0,W00,World,H5,HS,true,7108,"Gold (including gold plated with platinum) unwrought or in semi-manufactured forms, or in powder form",4,false,C00,TOTAL CPC,0,0,TOTAL MOT,8,kg,9,false,8,kg,9,false,9,false,0,false,,544765.695,544765.695,0,false,true
C,A,20200101,2020,52,2020,404,KEN,Kenya,X,Export,0,W00,World,0,W00,World,H5,HS,true,710812,"Metals; gold, non-monetary, unwrought (but not powder)",6,true,C00,TOTAL CPC,0,0,TOTAL MOT,8,kg,22,false,8,kg,22,false,22,false,0,false,,1105220.758,1105220.758,0,false,true
C,A,20200101,2020,52,2020,404,KEN,Kenya,X,Export,196,CYP,Cyprus,0,W00,World,H5,HS,true,710812,"Metals; gold, non-monetary, unwrought (but not powder)",6,true,C00,TOTAL CPC,0,0,TOTAL MOT,8,kg,1,false,8,kg,1,false,1,false,0,false,,50441.278,50441.278,0,false,true
C,A,20200101,2020,52,2020,404,KEN,Kenya,X,Export,231,ETH,Ethiopia,0,W00,World,H5,HS,true,710812,"Metals; gold, non-monetary, unwrought (but not powder)",6,true,C00,TOTAL CPC,0,0,TOTAL MOT,8,kg,1,false,8,kg,1,false,1,false,0,false,,35669.751,35669.751,0,false,true
C,A,20200101,2020,52,2020,404,KEN,Kenya,X,Export,344,HKG,"China, Hong Kong SAR",0,W00,World,H5,HS,true,710812,"Metals; gold, non-monetary, unwrought (but not powder)",6,true,C00,TOTAL CPC,0,0,TOTAL MOT,8,kg,8,false,8,kg,8,false,8,false,0,false,,420535.117,420535.117,0,false,true
C,A,20200101,2020,52,2020,404,KEN,Kenya,X,Export,408,PRK,Dem. People's Rep. of Korea,0,W00,World,H5,HS,true,710812,"Metals; gold, non-monetary, unwrought (but not powder)",6,true,C00,TOTAL CPC,0,0,TOTAL MOT,8,kg,1,false,8,kg,1,false,1,false,0,false,,6204.321,6204.321,0,false,true
C,A,20200101,2020,52,2020,404,KEN,Kenya,X,Export,410,KOR,Rep. of Korea,0,W00,World,H5,HS,true,710812,"Metals; gold, non-monetary, unwrought (but not powder)",6,true,C00,TOTAL CPC,0,0,TOTAL MOT,8,kg,2,false,8,kg,2,false,2,false,0,false,,47604.597,47604.597,0,false,true
C,A,20200101,2020,52,2020,404,KEN,Kenya,X,Export,784,ARE,United Arab Emirates,0,W00,World,H5,HS,true,710812,"Metals; gold, non-monetary, unwrought (but not powder)",6,true,C00,TOTAL CPC,0,0,TOTAL MOT,8,kg,9,false,8,kg,9,false,9,false,0,false,,544765.695,544765.695,0,false,true
C,A,20200101,2020,52,2020,404,KEN,Kenya,X,Export,0,W00,World,0,W00,World,H5,HS,true,710813,"Metals; gold, semi-manufactured",6,true,C00,TOTAL CPC,0,0,TOTAL MOT,-1,N/A,0,false,8,kg,172525,false,,false,0,false,,8613808.47,8613808.47,0,false,true
C,A,20200101,2020,52,2020,404,KEN,Kenya,X,Export,344,HKG,"China, Hong Kong SAR",0,W00,World,H5,HS,true,710813,"Metals; gold, semi-manufactured",6,true,C00,TOTAL CPC,0,0,TOTAL MOT,8,kg,40,false,8,kg,40,false,40,false,0,false,,475494.256,475494.256,0,false,true
C,A,20200101,2020,52,2020,404,KEN,Kenya,X,Export,710,ZAF,South Africa,0,W00,World,H5,HS,true,710813,"Metals; gold, semi-manufactured",6,true,C00,TOTAL CPC,0,0,TOTAL MOT,-1,N/A,0,false,8,kg,172485,false,,false,0,false,,8138314.215,8138314.215,0,false,true
C,A,20200101,2020,52,2020,710,ZAF,South Africa,X,Export,0,W00,World,0,W00,World,H5,HS,true,7108,"Gold (including gold plated with platinum) unwrought or in semi-manufactured forms, or in powder form",4,false,C00,TOTAL CPC,0,0,TOTAL MOT,-1,N/A,0,true,-1,N/A,0,false,0,true,0,false,0,6717385742.973,6717385742.973,6,false,true
C,A,20200101,2020,52,2020,710,ZAF,South Africa,X,Export,72,BWA,Botswana,0,W00,World,H5,HS,true,7108,"Gold (including gold plated with platinum) unwrought or in semi-manufactured forms, or in powder form",4,false,C00,TOTAL CPC,0,0,TOTAL MOT,-1,N/A,0,true,-1,N/A,0,false,0,true,0,false,0,23450.3,23450.3,6,false,true
C,A,20200101,2020,52,2020,710,ZAF,South Africa,X,Export,516,NAM,Namibia,0,W00,World,H5,HS,true,7108,"Gold (including gold plated with platinum) unwrought or in semi-manufactured forms, or in powder form",4,false,C00,TOTAL CPC,0,0,TOTAL MOT,8,kg,32.27,false,8,kg,32.27,false,32.27,false,0,false,0,1039561.204,1039561.204,0,false,true
C,A,20200101,2020,52,2020,710,ZAF,South Africa,X,Export,899,_X ,"Areas, nes",0,W00,World,H5,HS,true,7108,"Gold (including gold plated with platinum) unwrought or in semi-manufactured forms, or in powder form",4,false,C00,TOTAL CPC,0,0,TOTAL MOT,8,kg,122755.08,false,8,kg,122755.08,false,122755.08,false,0,false,0,6716322731.468,6716322731.468,0,false,true
C,A,20200101,2020,52,2020,710,ZAF,South Africa,X,Export,0,W00,World,0,W00,World,H5,HS,true,710811,"Metals; gold, non-monetary, powder",6,true,C00,TOTAL CPC,0,0,TOTAL MOT,-1,N/A,0,true,8,kg,0.5,false,0,true,0,false,0,2.452,2.452,6,false,true
C,A,20200101,2020,52,2020,710,ZAF,South Africa,X,Export,72,BWA,Botswana,0,W00,World,H5,HS,true,710811,"Metals; gold, non-monetary, powder",6,true,C00,TOTAL CPC,0,0,TOTAL MOT,-1,N/A,0,true,8,kg,0.5,false,0,true,0,false,0,2.452,2.452,6,false,true
C,A,20200101,2020,52,2020,710,ZAF,South Africa,X,Export,0,W00,World,0,W00,World,H5,HS,true,710813,"Metals; gold, semi-manufactured",6,true,C00,TOTAL CPC,0,0,TOTAL MOT,8,kg,122791.43,false,8,kg,122791.43,false,122791.43,false,0,false,0,6717385740.521,6717385740.521,0,false,true
C,A,20200101,2020,52,2020,710,ZAF,South Africa,X,Export,72,BWA,Botswana,0,W00,World,H5,HS,true,710813,"Metals; gold, semi-manufactured",6,true,C00,TOTAL CPC,0,0,TOTAL MOT,8,kg,4.08,false,8,kg,4.08,false,4.08,false,0,false,0,23447.848,23447.848,0,false,true
C,A,20200101,2020,52,2020,710,ZAF,South Africa,X,Export,516,NAM,Namibia,0,W00,World,H5,HS,true,710813,"Metals; gold, semi-manufactured",6,true,C00,TOTAL CPC,0,0,TOTAL MOT,8,kg,32.27,false,8,kg,32.27,false,32.27,false,0,false,0,1039561.204,1039561.204,0,false,true
C,A,20200101,2020,52,2020,710,ZAF,South Africa,X,Export,899,_X ,"Areas, nes",0,W00,World,H5,HS,true,710813,"Metals; gold, semi-manufactured",6,true,C00,TOTAL CPC,0,0,TOTAL MOT,8,kg,122755.08,false,8,kg,122755.08,false,122755.08,false,0,false,0,6716322731.468,6716322731.468,0,false,true
C,A,20210101,2021,52,2021,710,ZAF,South Africa,X,Export,0,W00,World,0,W00,World,H5,HS,true,710811,"Metals; gold, non-monetary, powder",6,true,C00,TOTAL CPC,0,0,TOTAL MOT,-1,N/A,0,false,8,kg,73.09,false,0,false,0,false,0,1672.409,1672.409,0,false,true
C,A,20210101,2021,52,2021,710,ZAF,South Africa,X,Export,72,BWA,Botswana,0,W00,World,H5,HS,true,710811,"Metals; gold, non-monetary, powder",6,true,C00,TOTAL CPC,0,0,TOTAL MOT,-1,N/A,0,false,8,kg,2,false,0,false,0,false,0,0.677,0.677,0,false,true
C,A,20210101,2021,52,2021,710,ZAF,South Africa,X,Export,516,NAM,Namibia,0,W00,World,H5,HS,true,710811,"Metals; gold, non-monetary, powder",6,true,C00,TOTAL CPC,0,0,TOTAL MOT,-1,N/A,0,false,8,kg,71.09,false,0,false,0,false,0,1671.733,1671.733,0,false,true
C,A,20210101,2021,52,2021,404,KEN,Kenya,X,Export,0,W00,World,0,W00,World,H5,HS,true,7108,"Gold (including gold plated with platinum) unwrought or in semi-manufactured forms, or in powder form",4,false,C00,TOTAL CPC,0,0,TOTAL MOT,-1,N/A,0,true,-1,N/A,0,false,0,true,0,false,0,15473552.652,15473552.652,6,false,true
C,A,20210101,2021,52,2021,404,KEN,Kenya,X,Export,120,CMR,Cameroon,0,W00,World,H5,HS,true,7108,"Gold (including gold plated with platinum) unwrought or in semi-manufactured forms, or in powder form",4,false,C00,TOTAL CPC,0,0,TOTAL MOT,8,kg,1,false,15,g,1000,false,1,false,0,false,0,63215.519,63215.519,0,false,true
C,A,20210101,2021,52,2021,404,KEN,Kenya,X,Export,180,COD,Dem. Rep. of the Congo,0,W00,World,H5,HS,true,7108,"Gold (including gold plated with platinum) unwrought or in semi-manufactured forms, or in powder form",4,false,C00,TOTAL CPC,0,0,TOTAL MOT,-1,N/A,0,true,-1,N/A,0,false,0,true,0,false,0,136861.266,136861.266,6,false,true
C,A,20210101,2021,52,2021,404,KEN,Kenya,X,Export,276,DEU,Germany,0,W00,World,H5,HS,true,7108,"Gold (including gold plated with platinum) unwrought or in semi-manufactured forms, or in powder form",4,false,C00,TOTAL CPC,0,0,TOTAL MOT,8,kg,1,false,15,g,1000,false,1,false,0,false,0,1856.938,1856.938,0,false,true
C,A,20210101,2021,52,2021,404,KEN,Kenya,X,Export,344,HKG,"China, Hong Kong SAR",0,W00,World,H5,HS,true,7108,"Gold (including gold plated with platinum) unwrought or in semi-manufactured forms, or in powder form",4,false,C00,TOTAL CPC,0,0,TOTAL MOT,8,kg,6.054,true,-1,N/A,0,false,6.054,true,0,false,0,255471.577,255471.577,6,false,true
C,A,20210101,2021,52,2021,404,KEN,Kenya,X,Export,710,ZAF,South Africa,0,W00,World,H5,HS,true,7108,"Gold (including gold plated with platinum) unwrought or in semi-manufactured forms, or in powder form",4,false,C00,TOTAL CPC,0,0,TOTAL MOT,8,kg,180.237,true,-1,N/A,0,false,180.237,true,0,false,0,8693596.979,8693596.979,6,false,true
C,A,20210101,2021,52,2021,404,KEN,Kenya,X,Export,757,CHE,Switzerland,0,W00,World,H5,HS,true,7108,"Gold (including gold plated with platinum) unwrought or in semi-manufactured forms, or in powder form",4,false,C00,TOTAL CPC,0,0,TOTAL MOT,8,kg,134.656,true,-1,N/A,0,false,134.656,true,0,false,0,5986598.55,5986598.55,6,false,true
C,A,20210101,2021,52,2021,404,KEN,Kenya,X,Export,784,ARE,United Arab Emirates,0,W00,World,H5,HS,true,7108,"Gold (including gold plated with platinum) unwrought or in semi-manufactured forms, or in powder form",4,false,C00,TOTAL CPC,0,0,TOTAL MOT,8,kg,7.987,false,15,g,7987.2,false,7.987,false,0,false,0,324526.26,324526.26,0,false,true
C,A,20210101,2021,52,2021,404,KEN,Kenya,X,Export,842,USA,USA,0,W00,World,H5,HS,true,7108,"Gold (including gold plated with platinum) unwrought or in semi-manufactured forms, or in powder form",4,false,C00,TOTAL CPC,0,0,TOTAL MOT,8,kg,0.254,false,15,g,254,false,0.254,false,0,false,0,11425.563,11425.563,0,false,true
C,A,20210101,2021,52,2021,710,ZAF,South Africa,X,Export,0,W00,World,0,W00,World,H5,HS,true,7108,"Gold (including gold plated with platinum) unwrought or in semi-manufactured forms, or in powder form",4,false,C00,TOTAL CPC,0,0,TOTAL MOT,-1,N/A,0,false,-1,N/A,0,false,0,false,0,false,0,7307599435.204,7307599435.204,0,false,true
C,A,20210101,2021,52,2021,710,ZAF,South Africa,X,Export,72,BWA,Botswana,0,W00,World,H5,HS,true,7108,"Gold (including gold plated with platinum) unwrought or in semi-manufactured forms, or in powder form",4,false,C00,TOTAL CPC,0,0,TOTAL MOT,-1,N/A,0,false,-1,N/A,0,false,0,false,0,false,0,173.696,173.696,0,false,true
C,A,20210101,2021,52,2021,710,ZAF,South Africa,X,Export,516,NAM,Namibia,0,W00,World,H5,HS,true,7108,"Gold (including gold plated with platinum) unwrought or in semi-manufactured forms, or in powder form",4,false,C00,TOTAL CPC,0,0,TOTAL MOT,8,kg,61.567,true,-1,N/A,0,false,61.567,true,0,false,0,152592.266,152592.266,6,false,true
C,A,20210101,2021,52,2021,710,ZAF,South Africa,X,Export,748,SWZ,Eswatini,0,W00,World,H5,HS,true,7108,"Gold (including gold plated with platinum) unwrought or in semi-manufactured forms, or in powder form",4,false,C00,TOTAL CPC,0,0,TOTAL MOT,-1,N/A,0,false,-1,N/A,0,false,0,false,0,false,0,93.445,93.445,0,false,true
C,A,20210101,2021,52,2021,710,ZAF,South Africa,X,Export,899,_X ,"Areas, nes",0,W00,World,H5,HS,true,7108,"Gold (including gold plated with platinum) unwrought or in semi-manufactured forms, or in powder form",4,false,C00,TOTAL CPC,0,0,TOTAL MOT,8,kg,127556.72,false,8,kg,127556.72,false,127556.72,false,0,false,0,7307446575.796,7307446575.796,0,false,true
C,A,20210101,2021,52,2021,404,KEN,Kenya,X,Export,0,W00,World,0,W00,World,H5,HS,true,710813,"Metals; gold, semi-manufactured",6,true,C00,TOTAL CPC,0,0,TOTAL MOT,-1,N/A,0,true,15,g,93139297.3,false,0,true,0,false,0,14866210.499,14866210.499,6,false,true
C,A,20210101,2021,52,2021,404,KEN,Kenya,X,Export,180,COD,Dem. Rep. of the Congo,0,W00,World,H5,HS,true,710813,"Metals; gold, semi-manufactured",6,true,C00,TOTAL CPC,0,0,TOTAL MOT,-1,N/A,0,true,15,g,3223000,false,0,true,0,false,0,136861.266,136861.266,6,true,false
C,A,20210101,2021,52,2021,404,KEN,Kenya,X,Export,344,HKG,"China, Hong Kong SAR",0,W00,World,H5,HS,true,710813,"Metals; gold, semi-manufactured",6,true,C00,TOTAL CPC,0,0,TOTAL MOT,-1,N/A,0,true,15,g,1008210,false,0,true,0,false,0,49153.704,49153.704,6,true,false
C,A,20210101,2021,52,2021,404,KEN,Kenya,X,Export,710,ZAF,South Africa,0,W00,World,H5,HS,true,710813,"Metals; gold, semi-manufactured",6,true,C00,TOTAL CPC,0,0,TOTAL MOT,8,kg,180.237,true,15,g,33250855.3,false,180.237,true,0,false,0,8693596.979,8693596.979,6,true,false
C,A,20210101,2021,52,2021,404,KEN,Kenya,X,Export,757,CHE,Switzerland,0,W00,World,H5,HS,true,710813,"Metals; gold, semi-manufactured",6,true,C00,TOTAL CPC,0,0,TOTAL MOT,8,kg,134.656,true,15,g,55657232,false,134.656,true,0,false,0,5986598.55,5986598.55,6,true,false
C,A,20210101,2021,52,2021,710,ZAF,South Africa,X,Export,0,W00,World,0,W00,World,H5,HS,true,710813,"Metals; gold, semi-manufactured",6,true,C00,TOTAL CPC,0,0,TOTAL MOT,-1,N/A,0,false,8,kg,127892.56,false,0,false,0,false,0,7307539999.375,7307539999.375,0,false,true
C,A,20210101,2021,52,2021,710,ZAF,South Africa,X,Export,72,BWA,Botswana,0,W00,World,H5,HS,true,710813,"Metals; gold, semi-manufactured",6,true,C00,TOTAL CPC,0,0,TOTAL MOT,-1,N/A,0,false,8,kg,121.95,false,0,false,0,false,0,173.02,173.02,0,false,true
C,A,20210101,2021,52,2021,710,ZAF,South Africa,X,Export,516,NAM,Namibia,0,W00,World,H5,HS,true,710813,"Metals; gold, semi-manufactured",6,true,C00,TOTAL CPC,0,0,TOTAL MOT,8,kg,54.534,true,8,kg,213.89,false,54.534,true,0,false,0,93250.559,93250.559,6,false,true
C,A,20210101,2021,52,2021,710,ZAF,South Africa,X,Export,899,_X ,"Areas, nes",0,W00,World,H5,HS,true,710813,"Metals; gold, semi-manufactured",6,true,C00,TOTAL CPC,0,0,TOTAL MOT,8,kg,127556.72,false,8,kg,127556.72,false,127556.72,false,0,false,0,7307446575.796,7307446575.796,0,false,true
C,A,20210101,2021,52,2021,404,KEN,Kenya,X,Export,0,W00,World,0,W00,World,H5,HS,true,710812,"Metals; gold, non-monetary, unwrought (but not powder)",6,true,C00,TOTAL CPC,0,0,TOTAL MOT,8,kg,15.241,false,15,g,15241.2,false,15.241,false,0,false,0,607342.153,607342.153,0,false,true
C,A,20210101,2021,52,2021,404,KEN,Kenya,X,Export,120,CMR,Cameroon,0,W00,World,H5,HS,true,710812,"Metals; gold, non-monetary, unwrought (but not powder)",6,true,C00,TOTAL CPC,0,0,TOTAL MOT,8,kg,1,false,15,g,1000,false,1,false,0,false,0,63215.519,63215.519,0,true,false
C,A,20210101,2021,52,2021,404,KEN,Kenya,X,Export,276,DEU,Germany,0,W00,World,H5,HS,true,710812,"Metals; gold, non-monetary, unwrought (but not powder)",6,true,C00,TOTAL CPC,0,0,TOTAL MOT,8,kg,1,false,15,g,1000,false,1,false,0,false,0,1856.938,1856.938,0,true,false
C,A,20210101,2021,52,2021,404,KEN,Kenya,X,Export,344,HKG,"China, Hong Kong SAR",0,W00,World,H5,HS,true,710812,"Metals; gold, non-monetary, unwrought (but not powder)",6,true,C00,TOTAL CPC,0,0,TOTAL MOT,8,kg,5,false,15,g,5000,false,5,false,0,false,0,206317.873,206317.873,0,true,false
C,A,20210101,2021,52,2021,404,KEN,Kenya,X,Export,784,ARE,United Arab Emirates,0,W00,World,H5,HS,true,710812,"Metals; gold, non-monetary, unwrought (but not powder)",6,true,C00,TOTAL CPC,0,0,TOTAL MOT,8,kg,7.987,false,15,g,7987.2,false,7.987,false,0,false,0,324526.26,324526.26,0,true,false
C,A,20210101,2021,52,2021,404,KEN,Kenya,X,Export,842,USA,USA,0,W00,World,H5,HS,true,710812,"Metals; gold, non-monetary, unwrought (but not powder)",6,true,C00,TOTAL CPC,0,0,TOTAL MOT,8,kg,0.254,false,15,g,254,false,0.254,false,0,false,0,11425.563,11425.563,0,true,false
C,A,20210101,2021,52,2021,710,ZAF,South Africa,X,Export,0,W00,World,0,W00,World,H5,HS,true,710812,"Metals; gold, non-monetary, unwrought (but not powder)",6,true,C00,TOTAL CPC,0,0,TOTAL MOT,-1,N/A,0,false,8,kg,90,false,0,false,0,false,0,57763.42,57763.42,0,false,true
C,A,20210101,2021,52,2021,710,ZAF,South Africa,X,Export,516,NAM,Namibia,0,W00,World,H5,HS,true,710812,"Metals; gold, non-monetary, unwrought (but not powder)",6,true,C00,TOTAL CPC,0,0,TOTAL MOT,8,kg,7.003,true,8,kg,19,false,7.003,true,0,false,0,57669.975,57669.975,6,false,true
C,A,20210101,2021,52,2021,710,ZAF,South Africa,X,Export,748,SWZ,Eswatini,0,W00,World,H5,HS,true,710812,"Metals; gold, non-monetary, unwrought (but not powder)",6,true,C00,TOTAL CPC,0,0,TOTAL MOT,-1,N/A,0,false,8,kg,71,false,0,false,0,false,0,93.445,93.445,0,false,true
C,A,20220101,2022,52,2022,404,KEN,Kenya,X,Export,0,W00,World,0,W00,World,H6,HS,true,7108,"Gold (including gold plated with platinum) unwrought or in semi-manufactured forms, or in powder form",4,false,C00,TOTAL CPC,0,0,TOTAL MOT,8,kg,672.161,false,15,g,672161.4,false,683.8,false,0,false,,32437409.848,32437409.848,0,false,true
C,A,20220101,2022,52,2022,404,KEN,Kenya,X,Export,276,DEU,Germany,0,W00,World,H6,HS,true,7108,"Gold (including gold plated with platinum) unwrought or in semi-manufactured forms, or in powder form",4,false,C00,TOTAL CPC,0,0,TOTAL MOT,8,kg,0.266,false,15,g,266.3,false,0.26,false,0,false,,13124.206,13124.206,0,false,true
C,A,20220101,2022,52,2022,404,KEN,Kenya,X,Export,344,HKG,"China, Hong Kong SAR",0,W00,World,H6,HS,true,7108,"Gold (including gold plated with platinum) unwrought or in semi-manufactured forms, or in powder form",4,false,C00,TOTAL CPC,0,0,TOTAL MOT,8,kg,1,false,15,g,1000,false,1,false,0,false,,56737.956,56737.956,0,false,true
C,A,20220101,2022,52,2022,404,KEN,Kenya,X,Export,380,ITA,Italy,0,W00,World,H6,HS,true,7108,"Gold (including gold plated with platinum) unwrought or in semi-manufactured forms, or in powder form",4,false,C00,TOTAL CPC,0,0,TOTAL MOT,8,kg,1,false,15,g,1000,false,1,false,0,false,,47961.199,47961.199,0,false,true
C,A,20220101,2022,52,2022,404,KEN,Kenya,X,Export,410,KOR,Rep. of Korea,0,W00,World,H6,HS,true,7108,"Gold (including gold plated with platinum) unwrought or in semi-manufactured forms, or in powder form",4,false,C00,TOTAL CPC,0,0,TOTAL MOT,8,kg,11,false,15,g,11000,false,11,false,0,false,,629976.494,629976.494,0,false,true
C,A,20220101,2022,52,2022,404,KEN,Kenya,X,Export,566,NGA,Nigeria,0,W00,World,H6,HS,true,7108,"Gold (including gold plated with platinum) unwrought or in semi-manufactured forms, or in powder form",4,false,C00,TOTAL CPC,0,0,TOTAL MOT,8,kg,1,false,15,g,1000,false,1,false,0,false,,55236.017,55236.017,0,false,true
C,A,20220101,2022,52,2022,404,KEN,Kenya,X,Export,600,PRY,Paraguay,0,W00,World,H6,HS,true,7108,"Gold (including gold plated with platinum) unwrought or in semi-manufactured forms, or in powder form",4,false,C00,TOTAL CPC,0,0,TOTAL MOT,8,kg,0.5,false,15,g,500,false,1,false,0,false,,453.732,453.732,0,false,true
C,A,20220101,2022,52,2022,404,KEN,Kenya,X,Export,705,SVN,Slovenia,0,W00,World,H6,HS,true,7108,"Gold (including gold plated with platinum) unwrought or in semi-manufactured forms, or in powder form",4,false,C00,TOTAL CPC,0,0,TOTAL MOT,8,kg,0.156,false,15,g,155.6,false,0.15,false,0,false,,8370.134,8370.134,0,false,true
C,A,20220101,2022,52,2022,404,KEN,Kenya,X,Export,710,ZAF,South Africa,0,W00,World,H6,HS,true,7108,"Gold (including gold plated with platinum) unwrought or in semi-manufactured forms, or in powder form",4,false,C00,TOTAL CPC,0,0,TOTAL MOT,8,kg,492.912,false,15,g,492911.6,false,495.13,false,0,false,,24133432.622,24133432.622,0,false,true
C,A,20220101,2022,52,2022,404,KEN,Kenya,X,Export,724,ESP,Spain,0,W00,World,H6,HS,true,7108,"Gold (including gold plated with platinum) unwrought or in semi-manufactured forms, or in powder form",4,false,C00,TOTAL CPC,0,0,TOTAL MOT,8,kg,1,false,15,g,1000,false,1,false,0,false,,53166.738,53166.738,0,false,true
C,A,20220101,2022,52,2022,404,KEN,Kenya,X,Export,757,CHE,Switzerland,0,W00,World,H6,HS,true,7108,"Gold (including gold plated with platinum) unwrought or in semi-manufactured forms, or in powder form",4,false,C00,TOTAL CPC,0,0,TOTAL MOT,8,kg,79.234,false,15,g,79234,false,79.21,false,0,false,,3592842.906,3592842.906,0,false,true
C,A,20220101,2022,52,2022,404,KEN,Kenya,X,Export,784,ARE,United Arab Emirates,0,W00,World,H6,HS,true,7108,"Gold (including gold plated with platinum) unwrought or in semi-manufactured forms, or in powder form",4,false,C00,TOTAL CPC,0,0,TOTAL MOT,8,kg,81.297,false,15,g,81297,false,82.76,false,0,false,,3335713.621,3335713.621,0,false,true
C,A,20220101,2022,52,2022,404,KEN,Kenya,X,Export,792,TUR,Türkiye,0,W00,World,H6,HS,true,7108,"Gold (including gold plated with platinum) unwrought or in semi-manufactured forms, or in powder form",4,false,C00,TOTAL CPC,0,0,TOTAL MOT,8,kg,0.036,false,15,g,36.1,false,0.03,false,0,false,,2053.614,2053.614,0,false,true
C,A,20220101,2022,52,2022,404,KEN,Kenya,X,Export,826,GBR,United Kingdom,0,W00,World,H6,HS,true,7108,"Gold (including gold plated with platinum) unwrought or in semi-manufactured forms, or in powder form",4,false,C00,TOTAL CPC,0,0,TOTAL MOT,8,kg,0.835,false,15,g,834.8,false,8.34,false,0,false,,395015.87,395015.87,0,false,true
C,A,20220101,2022,52,2022,404,KEN,Kenya,X,Export,842,USA,USA,0,W00,World,H6,HS,true,7108,"Gold (including gold plated with platinum) unwrought or in semi-manufactured forms, or in powder form",4,false,C00,TOTAL CPC,0,0,TOTAL MOT,8,kg,1.926,false,15,g,1926,false,1.92,false,0,false,,113324.74,113324.74,0,false,true
C,A,20220101,2022,52,2022,404,KEN,Kenya,X,Export,0,W00,World,0,W00,World,H6,HS,true,710812,"Metals; gold, non-monetary, unwrought (but not powder)",6,true,C00,TOTAL CPC,0,0,TOTAL MOT,8,kg,26.475,false,15,g,26475,false,26.93,false,0,false,,1394898.938,1394898.938,0,false,true
C,A,20220101,2022,52,2022,404,KEN,Kenya,X,Export,276,DEU,Germany,0,W00,World,H6,HS,true,710812,"Metals; gold, non-monetary, unwrought (but not powder)",6,true,C00,TOTAL CPC,0,0,TOTAL MOT,8,kg,0.266,false,15,g,266.3,false,0.26,false,0,false,,13124.206,13124.206,0,true,false
C,A,20220101,2022,52,2022,404,KEN,Kenya,X,Export,344,HKG,"China, Hong Kong SAR",0,W00,World,H6,HS,true,710812,"Metals; gold, non-monetary, unwrought (but not powder)",6,true,C00,TOTAL CPC,0,0,TOTAL MOT,8,kg,1,false,15,g,1000,false,1,false,0,false,,56737.956,56737.956,0,true,false
C,A,20220101,2022,52,2022,404,KEN,Kenya,X,Export,380,ITA,Italy,0,W00,World,H6,HS,true,710812,"Metals; gold, non-monetary, unwrought (but not powder)",6,true,C00,TOTAL CPC,0,0,TOTAL MOT,8,kg,1,false,15,g,1000,false,1,false,0,false,,47961.199,47961.199,0,true,false
C,A,20220101,2022,52,2022,404,KEN,Kenya,X,Export,410,KOR,Rep. of Korea,0,W00,World,H6,HS,true,710812,"Metals; gold, non-monetary, unwrought (but not powder)",6,true,C00,TOTAL CPC,0,0,TOTAL MOT,8,kg,11,false,15,g,11000,false,11,false,0,false,,629976.494,629976.494,0,true,false
C,A,20220101,2022,52,2022,404,KEN,Kenya,X,Export,566,NGA,Nigeria,0,W00,World,H6,HS,true,710812,"Metals; gold, non-monetary, unwrought (but not powder)",6,true,C00,TOTAL CPC,0,0,TOTAL MOT,8,kg,1,false,15,g,1000,false,1,false,0,false,,55236.017,55236.017,0,true,false
C,A,20220101,2022,52,2022,404,KEN,Kenya,X,Export,600,PRY,Paraguay,0,W00,World,H6,HS,true,710812,"Metals; gold, non-monetary, unwrought (but not powder)",6,true,C00,TOTAL CPC,0,0,TOTAL MOT,8,kg,0.5,false,15,g,500,false,1,false,0,false,,453.732,453.732,0,true,false
C,A,20220101,2022,52,2022,404,KEN,Kenya,X,Export,705,SVN,Slovenia,0,W00,World,H6,HS,true,710812,"Metals; gold, non-monetary, unwrought (but not powder)",6,true,C00,TOTAL CPC,0,0,TOTAL MOT,8,kg,0.156,false,15,g,155.6,false,0.15,false,0,false,,8370.134,8370.134,0,true,false
C,A,20220101,2022,52,2022,404,KEN,Kenya,X,Export,724,ESP,Spain,0,W00,World,H6,HS,true,710812,"Metals; gold, non-monetary, unwrought (but not powder)",6,true,C00,TOTAL CPC,0,0,TOTAL MOT,8,kg,1,false,15,g,1000,false,1,false,0,false,,53166.738,53166.738,0,true,false
C,A,20220101,2022,52,2022,404,KEN,Kenya,X,Export,784,ARE,United Arab Emirates,0,W00,World,H6,HS,true,710812,"Metals; gold, non-monetary, unwrought (but not powder)",6,true,C00,TOTAL CPC,0,0,TOTAL MOT,8,kg,8.591,false,15,g,8591,false,8.57,false,0,false,,414494.11,414494.11,0,true,false
C,A,20220101,2022,52,2022,404,KEN,Kenya,X,Export,792,TUR,Türkiye,0,W00,World,H6,HS,true,710812,"Metals; gold, non-monetary, unwrought (but not powder)",6,true,C00,TOTAL CPC,0,0,TOTAL MOT,8,kg,0.036,false,15,g,36.1,false,0.03,false,0,false,,2053.614,2053.614,0,true,false
C,A,20220101,2022,52,2022,404,KEN,Kenya,X,Export,842,USA,USA,0,W00,World,H6,HS,true,710812,"Metals; gold, non-monetary, unwrought (but not powder)",6,true,C00,TOTAL CPC,0,0,TOTAL MOT,8,kg,1.926,false,15,g,1926,false,1.92,false,0,false,,113324.74,113324.74,0,true,false
C,A,20220101,2022,52,2022,404,KEN,Kenya,X,Export,0,W00,World,0,W00,World,H6,HS,true,710813,"Metals; gold, semi-manufactured",6,true,C00,TOTAL CPC,0,0,TOTAL MOT,8,kg,645.686,false,15,g,645686.4,false,656.87,false,0,false,,31042510.909,31042510.909,0,false,true
C,A,20220101,2022,52,2022,404,KEN,Kenya,X,Export,710,ZAF,South Africa,0,W00,World,H6,HS,true,710813,"Metals; gold, semi-manufactured",6,true,C00,TOTAL CPC,0,0,TOTAL MOT,8,kg,492.912,false,15,g,492911.6,false,495.13,false,0,false,,24133432.622,24133432.622,0,true,false
C,A,20220101,2022,52,2022,404,KEN,Kenya,X,Export,757,CHE,Switzerland,0,W00,World,H6,HS,true,710813,"Metals; gold, semi-manufactured",6,true,C00,TOTAL CPC,0,0,TOTAL MOT,8,kg,79.234,false,15,g,79234,false,79.21,false,0,false,,3592842.906,3592842.906,0,true,false
C,A,20220101,2022,52,2022,404,KEN,Kenya,X,Export,784,ARE,United Arab Emirates,0,W00,World,H6,HS,true,710813,"Metals; gold, semi-manufactured",6,true,C00,TOTAL CPC,0,0,TOTAL MOT,8,kg,72.706,false,15,g,72706,false,74.19,false,0,false,,2921219.511,2921219.511,0,true,false
C,A,20220101,2022,52,2022,404,KEN,Kenya,X,Export,826,GBR,United Kingdom,0,W00,World,H6,HS,true,710813,"Metals; gold, semi-manufactured",6,true,C00,TOTAL CPC,0,0,TOTAL MOT,8,kg,0.835,false,15,g,834.8,false,8.34,false,0,false,,395015.87,395015.87,0,true,false
C,A,20220101,2022,52,2022,710,ZAF,South Africa,X,Export,0,W00,World,0,W00,World,H6,HS,true,7108,"Gold (including gold plated with platinum) unwrought or in semi-manufactured forms, or in powder form",4,false,C00,TOTAL CPC,0,0,TOTAL MOT,-1,N/A,0,false,-1,N/A,0,false,,false,0,false,,5264910501.442,5264910501.442,0,false,true
C,A,20220101,2022,52,2022,710,ZAF,South Africa,X,Export,72,BWA,Botswana,0,W00,World,H6,HS,true,7108,"Gold (including gold plated with platinum) unwrought or in semi-manufactured forms, or in powder form",4,false,C00,TOTAL CPC,0,0,TOTAL MOT,-1,N/A,0,false,-1,N/A,0,false,,false,0,false,,471.574,471.574,0,false,true
C,A,20220101,2022,52,2022,710,ZAF,South Africa,X,Export,516,NAM,Namibia,0,W00,World,H6,HS,true,7108,"Gold (including gold plated with platinum) unwrought or in semi-manufactured forms, or in powder form",4,false,C00,TOTAL CPC,0,0,TOTAL MOT,8,kg,61.97,true,-1,N/A,0,false,61.97,true,0,false,,176583.813,176583.813,6,false,true
C,A,20220101,2022,52,2022,710,ZAF,South Africa,X,Export,748,SWZ,Eswatini,0,W00,World,H6,HS,true,7108,"Gold (including gold plated with platinum) unwrought or in semi-manufactured forms, or in powder form",4,false,C00,TOTAL CPC,0,0,TOTAL MOT,-1,N/A,0,false,-1,N/A,0,false,,false,0,false,,189.473,189.473,0,false,true
C,A,20220101,2022,52,2022,710,ZAF,South Africa,X,Export,899,_X ,"Areas, nes",0,W00,World,H6,HS,true,7108,"Gold (including gold plated with platinum) unwrought or in semi-manufactured forms, or in powder form",4,false,C00,TOTAL CPC,0,0,TOTAL MOT,8,kg,91406.58,false,8,kg,91406.58,false,91406.58,false,0,false,,5264733256.581,5264733256.581,0,false,true
C,A,20220101,2022,52,2022,710,ZAF,South Africa,X,Export,0,W00,World,0,W00,World,H6,HS,true,710811,"Metals; gold, non-monetary, powder",6,true,C00,TOTAL CPC,0,0,TOTAL MOT,-1,N/A,0,false,8,kg,74.02,false,,false,0,false,,146769.288,146769.288,0,false,true
C,A,20220101,2022,52,2022,710,ZAF,South Africa,X,Export,72,BWA,Botswana,0,W00,World,H6,HS,true,710811,"Metals; gold, non-monetary, powder",6,true,C00,TOTAL CPC,0,0,TOTAL MOT,-1,N/A,0,false,8,kg,20,false,,false,0,false,,349.661,349.661,0,false,true
C,A,20220101,2022,52,2022,710,ZAF,South Africa,X,Export,516,NAM,Namibia,0,W00,World,H6,HS,true,710811,"Metals; gold, non-monetary, powder",6,true,C00,TOTAL CPC,0,0,TOTAL MOT,-1,N/A,0,false,8,kg,54.02,false,,false,0,false,,146419.628,146419.628,0,false,true
C,A,20220101,2022,52,2022,710,ZAF,South Africa,X,Export,0,W00,World,0,W00,World,H6,HS,true,710812,"Metals; gold, non-monetary, unwrought (but not powder)",6,true,C00,TOTAL CPC,0,0,TOTAL MOT,-1,N/A,0,false,8,kg,456.78,false,,false,0,false,,12767.784,12767.784,0,false,true
C,A,20220101,2022,52,2022,710,ZAF,South Africa,X,Export,72,BWA,Botswana,0,W00,World,H6,HS,true,710812,"Metals; gold, non-monetary, unwrought (but not powder)",6,true,C00,TOTAL CPC,0,0,TOTAL MOT,-1,N/A,0,false,8,kg,450,false,,false,0,false,,121.914,121.914,0,false,true
C,A,20220101,2022,52,2022,710,ZAF,South Africa,X,Export,516,NAM,Namibia,0,W00,World,H6,HS,true,710812,"Metals; gold, non-monetary, unwrought (but not powder)",6,true,C00,TOTAL CPC,0,0,TOTAL MOT,8,kg,1.78,false,8,kg,1.78,false,1.78,false,0,false,,12571.157,12571.157,0,false,true
C,A,20220101,2022,52,2022,710,ZAF,South Africa,X,Export,748,SWZ,Eswatini,0,W00,World,H6,HS,true,710812,"Metals; gold, non-monetary, unwrought (but not powder)",6,true,C00,TOTAL CPC,0,0,TOTAL MOT,-1,N/A,0,false,8,kg,5,false,,false,0,false,,74.713,74.713,0,false,true
C,A,20220101,2022,52,2022,710,ZAF,South Africa,X,Export,0,W00,World,0,W00,World,H6,HS,true,710813,"Metals; gold, semi-manufactured",6,true,C00,TOTAL CPC,0,0,TOTAL MOT,-1,N/A,0,false,8,kg,91428.94,false,,false,0,false,,5264750964.37,5264750964.37,0,false,true
C,A,20220101,2022,52,2022,710,ZAF,South Africa,X,Export,516,NAM,Namibia,0,W00,World,H6,HS,true,710813,"Metals; gold, semi-manufactured",6,true,C00,TOTAL CPC,0,0,TOTAL MOT,8,kg,8.17,false,8,kg,8.17,false,8.17,false,0,false,,17593.029,17593.029,0,false,true
C,A,20220101,2022,52,2022,710,ZAF,South Africa,X,Export,748,SWZ,Eswatini,0,W00,World,H6,HS,true,710813,"Metals; gold, semi-manufactured",6,true,C00,TOTAL CPC,0,0,TOTAL MOT,-1,N/A,0,false,8,kg,14.19,false,,false,0,false,,114.76,114.76,0,false,true
C,A,20220101,2022,52,2022,710,ZAF,South Africa,X,Export,899,_X ,"Areas, nes",0,W00,World,H6,HS,true,710813,"Metals; gold, semi-manufactured",6,true,C00,TOTAL CPC,0,0,TOTAL MOT,8,kg,91406.58,false,8,kg,91406.58,false,91406.58,false,0,false,,5264733256.581,5264733256.581,0,false,true
C,A,20230101,2023,52,2023,404,KEN,Kenya,X,Export,0,W00,World,0,W00,World,H6,HS,true,7108,"Gold (including gold plated with platinum) unwrought or in semi-manufactured forms, or in powder form",4,false,C00,TOTAL CPC,0,0,TOTAL MOT,-1,N/A,0,false,-1,N/A,0,false,,false,0,false,,33469053.043,33469053.043,0,false,true
C,A,20230101,2023,52,2023,404,KEN,Kenya,X,Export,156,CHN,China,0,W00,World,H6,HS,true,7108,"Gold (including gold plated with platinum) unwrought or in semi-manufactured forms, or in powder form",4,false,C00,TOTAL CPC,0,0,TOTAL MOT,-1,N/A,0,false,-1,N/A,0,false,,false,0,false,,225209.284,225209.284,0,false,true
C,A,20230101,2023,52,2023,404,KEN,Kenya,X,Export,344,HKG,"China, Hong Kong SAR",0,W00,World,H6,HS,true,7108,"Gold (including gold plated with platinum) unwrought or in semi-manufactured forms, or in powder form",4,false,C00,TOTAL CPC,0,0,TOTAL MOT,8,kg,25,false,15,g,25000,false,25,false,0,false,,1028922.779,1028922.779,0,false,true
C,A,20230101,2023,52,2023,404,KEN,Kenya,X,Export,392,JPN,Japan,0,W00,World,H6,HS,true,7108,"Gold (including gold plated with platinum) unwrought or in semi-manufactured forms, or in powder form",4,false,C00,TOTAL CPC,0,0,TOTAL MOT,8,kg,1.984,false,15,g,1984,false,1.98,false,0,false,,129432.044,129432.044,0,false,true
C,A,20230101,2023,52,2023,404,KEN,Kenya,X,Export,710,ZAF,South Africa,0,W00,World,H6,HS,true,7108,"Gold (including gold plated with platinum) unwrought or in semi-manufactured forms, or in powder form",4,false,C00,TOTAL CPC,0,0,TOTAL MOT,8,kg,493.43,false,15,g,493430.2,false,493.38,false,0,false,,25425531.45,25425531.45,0,false,true
C,A,20230101,2023,52,2023,404,KEN,Kenya,X,Export,784,ARE,United Arab Emirates,0,W00,World,H6,HS,true,7108,"Gold (including gold plated with platinum) unwrought or in semi-manufactured forms, or in powder form",4,false,C00,TOTAL CPC,0,0,TOTAL MOT,8,kg,126.839,false,15,g,126838.7,false,127.83,false,0,false,,6659957.487,6659957.487,0,false,true
C,A,20230101,2023,52,2023,404,KEN,Kenya,X,Export,0,W00,World,0,W00,World,H6,HS,true,710812,"Metals; gold, non-monetary, unwrought (but not powder)",6,true,C00,TOTAL CPC,0,0,TOTAL MOT,-1,N/A,0,false,15,g,4208716,false,,false,0,false,,7538086.676,7538086.676,0,false,true
C,A,20230101,2023,52,2023,404,KEN,Kenya,X,Export,156,CHN,China,0,W00,World,H6,HS,true,710812,"Metals; gold, non-monetary, unwrought (but not powder)",6,true,C00,TOTAL CPC,0,0,TOTAL MOT,-1,N/A,0,false,15,g,4066000,false,,false,0,false,,225209.284,225209.284,0,true,false
C,A,20230101,2023,52,2023,404,KEN,Kenya,X,Export,344,HKG,"China, Hong Kong SAR",0,W00,World,H6,HS,true,710812,"Metals; gold, non-monetary, unwrought (but not powder)",6,true,C00,TOTAL CPC,0,0,TOTAL MOT,8,kg,25,false,15,g,25000,false,25,false,0,false,,1028922.779,1028922.779,0,true,false
C,A,20230101,2023,52,2023,404,KEN,Kenya,X,Export,392,JPN,Japan,0,W00,World,H6,HS,true,710812,"Metals; gold, non-monetary, unwrought (but not powder)",6,true,C00,TOTAL CPC,0,0,TOTAL MOT,8,kg,1.984,false,15,g,1984,false,1.98,false,0,false,,129432.044,129432.044,0,true,false
C,A,20230101,2023,52,2023,404,KEN,Kenya,X,Export,784,ARE,United Arab Emirates,0,W00,World,H6,HS,true,710812,"Metals; gold, non-monetary, unwrought (but not powder)",6,true,C00,TOTAL CPC,0,0,TOTAL MOT,8,kg,115.732,false,15,g,115732,false,116.73,false,0,false,,6154522.569,6154522.569,0,true,false
C,A,20230101,2023,52,2023,404,KEN,Kenya,X,Export,0,W00,World,0,W00,World,H6,HS,true,710813,"Metals; gold, semi-manufactured",6,true,C00,TOTAL CPC,0,0,TOTAL MOT,8,kg,504.537,false,15,g,504536.9,false,504.48,false,0,false,,25930966.367,25930966.367,0,false,true
C,A,20230101,2023,52,2023,404,KEN,Kenya,X,Export,710,ZAF,South Africa,0,W00,World,H6,HS,true,710813,"Metals; gold, semi-manufactured",6,true,C00,TOTAL CPC,0,0,TOTAL MOT,8,kg,493.43,false,15,g,493430.2,false,493.38,false,0,false,,25425531.45,25425531.45,0,true,false
C,A,20230101,2023,52,2023,404,KEN,Kenya,X,Export,784,ARE,United Arab Emirates,0,W00,World,H6,HS,true,710813,"Metals; gold, semi-manufactured",6,true,C00,TOTAL CPC,0,0,TOTAL MOT,8,kg,11.107,false,15,g,11106.7,false,11.1,false,0,false,,505434.917,505434.917,0,true,false
C,A,20230101,2023,52,2023,710,ZAF,South Africa,X,Export,0,W00,World,0,W00,World,H6,HS,true,7108,"Gold (including gold plated with platinum) unwrought or in semi-manufactured forms, or in powder form",4,false,C00,TOTAL CPC,0,0,TOTAL MOT,-1,N/A,0,false,-1,N/A,0,false,,false,0,false,,6290623861.518,6290623861.518,0,false,true
C,A,20230101,2023,52,2023,710,ZAF,South Africa,X,Export,72,BWA,Botswana,0,W00,World,H6,HS,true,7108,"Gold (including gold plated with platinum) unwrought or in semi-manufactured forms, or in powder form",4,false,C00,TOTAL CPC,0,0,TOTAL MOT,-1,N/A,0,false,-1,N/A,0,false,,false,0,false,,365.74,365.74,0,false,true
C,A,20230101,2023,52,2023,710,ZAF,South Africa,X,Export,426,LSO,Lesotho,0,W00,World,H6,HS,true,7108,"Gold (including gold plated with platinum) unwrought or in semi-manufactured forms, or in powder form",4,false,C00,TOTAL CPC,0,0,TOTAL MOT,-1,N/A,0,false,-1,N/A,0,false,,false,0,false,,10.786,10.786,0,false,true
C,A,20230101,2023,52,2023,710,ZAF,South Africa,X,Export,516,NAM,Namibia,0,W00,World,H6,HS,true,7108,"Gold (including gold plated with platinum) unwrought or in semi-manufactured forms, or in powder form",4,false,C00,TOTAL CPC,0,0,TOTAL MOT,-1,N/A,0,false,-1,N/A,0,false,,false,0,false,,3746.725,3746.725,0,false,true
C,A,20230101,2023,52,2023,710,ZAF,South Africa,X,Export,748,SWZ,Eswatini,0,W00,World,H6,HS,true,7108,"Gold (including gold plated with platinum) unwrought or in semi-manufactured forms, or in powder form",4,false,C00,TOTAL CPC,0,0,TOTAL MOT,-1,N/A,0,false,-1,N/A,0,false,,false,0,false,,245.579,245.579,0,false,true
C,A,20230101,2023,52,2023,710,ZAF,South Africa,X,Export,899,_X ,"Areas, nes",0,W00,World,H6,HS,true,7108,"Gold (including gold plated with platinum) unwrought or in semi-manufactured forms, or in powder form",4,false,C00,TOTAL CPC,0,0,TOTAL MOT,8,kg,330343.77,false,8,kg,330343.77,false,330343.77,false,0,false,,6290619492.687,6290619492.687,0,false,true
C,A,20230101,2023,52,2023,710,ZAF,South Africa,X,Export,0,W00,World,0,W00,World,H6,HS,true,710811,"Metals; gold, non-monetary, powder",6,true,C00,TOTAL CPC,0,0,TOTAL MOT,-1,N/A,0,false,8,kg,108,false,,false,0,false,,384.385,384.385,0,false,true
C,A,20230101,2023,52,2023,710,ZAF,South Africa,X,Export,72,BWA,Botswana,0,W00,World,H6,HS,true,710811,"Metals; gold, non-monetary, powder",6,true,C00,TOTAL CPC,0,0,TOTAL MOT,-1,N/A,0,false,8,kg,102,false,,false,0,false,,365.74,365.74,0,false,true
C,A,20230101,2023,52,2023,710,ZAF,South Africa,X,Export,516,NAM,Namibia,0,W00,World,H6,HS,true,710811,"Metals; gold, non-monetary, powder",6,true,C00,TOTAL CPC,0,0,TOTAL MOT,-1,N/A,0,false,8,kg,1,false,,false,0,false,,0.542,0.542,0,false,true
C,A,20230101,2023,52,2023,710,ZAF,South Africa,X,Export,748,SWZ,Eswatini,0,W00,World,H6,HS,true,710811,"Metals; gold, non-monetary, powder",6,true,C00,TOTAL CPC,0,0,TOTAL MOT,-1,N/A,0,false,8,kg,5,false,,false,0,false,,18.103,18.103,0,false,true
C,A,20230101,2023,52,2023,710,ZAF,South Africa,X,Export,0,W00,World,0,W00,World,H6,HS,true,710812,"Metals; gold, non-monetary, unwrought (but not powder)",6,true,C00,TOTAL CPC,0,0,TOTAL MOT,-1,N/A,0,false,8,kg,14,false,,false,0,false,,227.477,227.477,0,false,true
C,A,20230101,2023,52,2023,710,ZAF,South Africa,X,Export,748,SWZ,Eswatini,0,W00,World,H6,HS,true,710812,"Metals; gold, non-monetary, unwrought (but not powder)",6,true,C00,TOTAL CPC,0,0,TOTAL MOT,-1,N/A,0,false,8,kg,14,false,,false,0,false,,227.477,227.477,0,false,true
C,A,20230101,2023,52,2023,710,ZAF,South Africa,X,Export,0,W00,World,0,W00,World,H6,HS,true,710813,"Metals; gold, semi-manufactured",6,true,C00,TOTAL CPC,0,0,TOTAL MOT,-1,N/A,0,false,8,kg,330361.17,false,,false,0,false,,6290623249.656,6290623249.656,0,false,true
C,A,20230101,2023,52,2023,710,ZAF,South Africa,X,Export,426,LSO,Lesotho,0,W00,World,H6,HS,true,710813,"Metals; gold, semi-manufactured",6,true,C00,TOTAL CPC,0,0,TOTAL MOT,-1,N/A,0,false,8,kg,2,false,,false,0,false,,10.786,10.786,0,false,true
C,A,20230101,2023,52,2023,710,ZAF,South Africa,X,Export,516,NAM,Namibia,0,W00,World,H6,HS,true,710813,"Metals; gold, semi-manufactured",6,true,C00,TOTAL CPC,0,0,TOTAL MOT,8,kg,5.404,true,8,kg,15.4,false,5.404,true,0,false,,3746.183,3746.183,6,false,true
C,A,20230101,2023,52,2023,710,ZAF,South Africa,X,Export,899,_X ,"Areas, nes",0,W00,World,H6,HS,true,710813,"Metals; gold, semi-manufactured",6,true,C00,TOTAL CPC,0,0,TOTAL MOT,8,kg,330343.77,false,8,kg,330343.77,false,330343.77,false,0,false,,6290619492.687,6290619492.687,0,false,true
